date,max_temp,min_temp,avg_temp,precipitation,snowfall,snowdepth
1947-01-01,30.0,24.0,27.0,0.12,0.5,1.0
1947-01-02,44.0,29.0,36.5,0.49,0.0,0.0
1947-01-03,54.0,41.0,47.5,0.04,0.0,
1947-01-04,42.0,24.0,33.0,0.0,0.0,
1947-01-05,33.0,25.0,29.0,0.0,0.0,
1947-01-06,33.0,17.0,25.0,0.12,2.0,2.0
1947-01-07,34.0,7.0,20.5,0.02,0.5,3.0
1947-01-08,35.0,27.0,31.0,0.03,0.4,3.0
1947-01-09,31.0,10.0,20.5,0.02,0.2,3.0
1947-01-10,30.0,17.0,23.5,0.0,0.0,2.0
1947-01-11,49.0,17.0,33.0,0.0,0.0,0.025
1947-01-12,47.0,27.0,37.0,0.0,0.0,
1947-01-13,40.0,22.0,31.0,0.0,0.0,
1947-01-14,50.0,34.0,42.0,0.03,0.0,
1947-01-15,50.0,40.0,45.0,0.89,0.0,
1947-01-16,51.0,37.0,44.0,0.02,0.0,
1947-01-17,49.0,21.0,35.0,0.0,0.0,
1947-01-18,42.0,22.0,32.0,0.0,0.0,
1947-01-19,44.0,19.0,31.5,0.0,0.0,
1947-01-20,54.0,36.0,45.0,0.77,0.0,
1947-01-21,46.0,9.0,27.5,0.0025,0.0025,0.025
1947-01-22,14.0,2.0,8.0,0.16,0.5,1.0
1947-01-23,37.0,7.0,22.0,0.0025,0.0025,0.025
1947-01-24,49.0,32.0,40.5,0.0,0.0,
1947-01-25,52.0,37.0,44.5,0.15,0.0,
1947-01-26,51.0,35.0,43.0,0.25,0.0,
1947-01-27,53.0,24.0,38.5,0.0,0.0,
1947-01-28,48.0,34.0,41.0,0.0,0.0,
1947-01-29,66.0,31.0,48.5,0.0,0.0,
1947-01-30,67.0,40.0,53.5,0.31,0.0,
1947-01-31,55.0,32.0,43.5,0.06,0.0,
1947-02-01,36.0,23.0,29.5,0.0,0.0,
1947-02-02,33.0,20.0,26.5,0.06,0.7,1.0
1948-01-01,46.0,38.0,42.0,0.5,0.0,
1948-01-02,41.0,30.0,35.5,0.35,0.0,
1948-01-03,32.0,29.0,30.5,0.0,0.0,
1948-01-04,34.0,28.0,31.0,0.0,0.0,0.025
1948-01-05,34.0,28.0,31.0,0.03,0.0025,0.025
1948-01-06,32.0,26.0,29.0,0.09,2.1,2.0
1948-01-07,32.0,17.0,24.5,0.01,0.2,2.0
1948-01-08,41.0,5.0,23.0,0.0,0.0,0.025
1948-01-09,49.0,28.0,38.5,0.04,0.0025,0.025
1948-01-10,33.0,20.0,26.5,0.0,0.0,0.025
1948-01-11,30.0,11.0,20.5,0.0,0.0,0.025
1948-01-12,36.0,12.0,24.0,0.29,3.0,2.0
1948-01-13,35.0,28.0,31.5,0.03,0.5,2.0
1948-01-14,29.0,8.0,18.5,0.03,1.0,2.0
1948-01-15,21.0,-11.0,5.0,0.0,0.0,2.0
1948-01-16,36.0,18.0,27.0,0.01,0.3,1.0
1948-01-17,28.0,9.0,18.5,0.11,2.5,3.0
1948-01-18,16.0,-15.0,0.5,0.0,0.0,3.0
1948-01-19,27.0,-16.0,5.5,0.0,0.0,3.0
1948-01-20,40.0,-3.0,18.5,0.0,0.0,1.0
1948-01-21,39.0,27.0,33.0,0.03,0.3,1.0
1948-01-22,34.0,12.0,23.0,0.06,1.2,2.0
1948-01-23,14.0,1.0,7.5,0.0025,0.0025,2.0
1948-01-24,9.0,-11.0,-1.0,0.39,6.1,8.0
1948-01-25,16.0,7.0,11.5,0.04,2.1,10.0
1948-01-26,21.0,-21.0,0.0,0.0,0.0,10.0
1948-01-27,20.0,11.0,15.5,0.02,1.0,9.0
1948-01-28,17.0,-16.0,0.5,0.0,0.0,9.0
1948-01-29,23.0,-22.0,0.5,0.0,0.0,8.0
1948-01-30,20.0,-5.0,7.5,0.0,0.0,5.0
1948-01-31,25.0,-17.0,4.0,0.0,0.0,5.0
1948-02-01,35.0,3.0,19.0,0.0,0.0,5.0
1948-02-02,31.0,7.0,19.0,0.0,0.0,4.0
1949-01-01,31.0,26.0,28.5,0.03,,
1949-01-02,34.0,25.0,29.5,0.0,0.0,2.0
1949-01-03,40.0,11.0,25.5,0.0,0.0,1.0
1949-01-04,43.0,26.0,34.5,0.0,0.0,0.025
1949-01-05,55.0,40.0,47.5,0.88,0.0,0.0
1949-01-06,54.0,29.0,41.5,0.0,0.0,0.0
1949-01-07,49.0,30.0,39.5,0.0,0.0,0.0
1949-01-08,56.0,29.0,42.5,0.0,0.0,0.0
1949-01-09,61.0,34.0,47.5,0.0,0.0,0.0
1949-01-10,53.0,28.0,40.5,0.0,0.0,0.0
1949-01-11,45.0,35.0,40.0,0.0,0.0,0.0
1949-01-12,36.0,31.0,33.5,0.0025,0.0025,0.0
1949-01-13,36.0,33.0,34.5,0.0,0.0,0.0
1949-01-14,35.0,30.0,32.5,0.0025,0.0025,0.0
1949-01-15,44.0,25.0,34.5,0.0,0.0,0.0
1949-01-16,60.0,38.0,49.0,0.0,0.0,0.0
1949-01-17,59.0,35.0,47.0,0.02,0.0,0.0
1949-01-18,45.0,33.0,39.0,0.0,0.0,0.0
1949-01-19,60.0,34.0,47.0,0.0025,0.0,0.0
1949-01-20,36.0,20.0,28.0,0.0,0.0,0.0
1949-01-21,38.0,28.0,33.0,0.49,0.0,0.0
1949-01-22,43.0,34.0,38.5,0.19,0.0,0.0
1949-01-23,38.0,20.0,29.0,0.32,0.0,0.0
1949-01-24,59.0,35.0,47.0,1.09,0.0,0.0
1949-01-25,55.0,40.0,47.5,0.03,0.0,0.0
1949-01-26,45.0,38.0,41.5,0.59,0.0,0.0
1949-01-27,44.0,32.0,38.0,0.06,0.0,0.0
1949-01-28,58.0,34.0,46.0,0.29,0.0,0.0
1949-01-29,36.0,20.0,28.0,0.02,0.5,0.025
1949-01-30,23.0,3.0,13.0,0.0025,0.0,0.025
1949-01-31,39.0,14.0,26.5,0.42,2.0,2.0
1949-02-01,31.0,19.0,25.0,0.0025,0.0025,2.0
1949-02-02,28.0,8.0,18.0,0.0,0.0,2.0
1950-01-01,49.0,29.0,39.0,0.02,0.0,0.0
1950-01-02,53.0,41.0,47.0,0.19,0.0,0.0
1950-01-03,61.0,46.0,53.5,0.88,0.0,0.0
1950-01-04,69.0,51.0,60.0,0.18,0.0,0.0
1950-01-05,54.0,38.0,46.0,0.41,0.0,0.0
1950-01-06,53.0,38.0,45.5,0.81,0.0,0.0
1950-01-07,43.0,25.0,34.0,0.22,0.0025,0.025
1950-01-08,30.0,13.0,21.5,0.0,0.0,0.0
1950-01-09,48.0,14.0,31.0,0.0,0.0,0.0
1950-01-10,59.0,39.0,49.0,0.85,0.0,0.0
1950-01-11,55.0,23.0,39.0,0.0,0.0,0.0
1950-01-12,37.0,19.0,28.0,0.0,0.0,0.0
1950-01-13,63.0,25.0,44.0,0.36,0.0,0.0
1950-01-14,64.0,32.0,48.0,0.03,0.0,0.0
1950-01-15,48.0,17.0,32.5,0.0025,0.0,0.0
1950-01-16,54.0,27.0,40.5,0.16,0.0,0.0
1950-01-17,43.0,11.0,27.0,0.0,0.0,0.0
1950-01-18,50.0,26.0,38.0,0.08,0.0,0.0
1950-01-19,28.0,13.0,20.5,0.0,0.0,0.0
1950-01-20,26.0,9.0,17.5,0.0,0.0,0.0
1950-01-21,40.0,15.0,27.5,0.03,0.8,
1950-01-22,45.0,28.0,36.5,0.02,0.0,0.0
1950-01-23,51.0,38.0,44.5,0.05,0.0,0.0
1950-01-24,64.0,43.0,53.5,0.44,0.0,0.0
1950-01-25,75.0,44.0,59.5,0.0,0.0,0.0
1950-01-26,66.0,41.0,53.5,0.5,0.0,0.0
1950-01-27,43.0,21.0,32.0,0.08,0.0,0.0
1950-01-28,43.0,14.0,28.5,0.0,0.0,0.0
1950-01-29,63.0,35.0,49.0,0.49,0.0,0.0
1950-01-30,55.0,29.0,42.0,0.02,0.0,0.0
1950-01-31,38.0,27.0,32.5,0.59,0.0,0.0
1950-02-01,37.0,29.0,33.0,0.11,1.0,
1950-02-02,41.0,32.0,36.5,0.32,0.0,0.0
1951-01-01,40.0,10.0,25.0,0.0,0.0,3.0
1951-01-02,46.0,21.0,33.5,0.0,0.0,2.0
1951-01-03,52.0,29.0,40.5,0.59,0.0,0.0
1951-01-04,50.0,31.0,40.5,0.08,0.0,0.0
1951-01-05,41.0,28.0,34.5,0.0,0.0,0.0
1951-01-06,46.0,25.0,35.5,0.0,0.0,0.0
1951-01-07,36.0,22.0,29.0,0.54,6.2,6.0
1951-01-08,23.0,10.0,16.5,0.02,0.5,7.0
1951-01-09,30.0,0.0,15.0,0.0025,0.0,7.0
1951-01-10,46.0,9.0,27.5,0.0,0.0,3.0
1951-01-11,40.0,30.0,35.0,0.13,0.0,2.0
1951-01-12,32.0,21.0,26.5,0.0,0.0,2.0
1951-01-13,36.0,16.0,26.0,0.0,0.0,2.0
1951-01-14,39.0,29.0,34.0,0.62,0.0,1.0
1951-01-15,46.0,28.0,37.0,0.53,1.0,2.0
1951-01-16,30.0,25.0,27.5,0.02,0.5,2.0
1951-01-17,49.0,21.0,35.0,0.0,0.0,0.0
1951-01-18,56.0,35.0,45.5,0.03,0.0,0.0
1951-01-19,60.0,32.0,46.0,0.0,0.0,0.0
1951-01-20,66.0,40.0,53.0,0.0,0.0,0.0
1951-01-21,58.0,20.0,39.0,0.05,0.8,0.025
1951-01-22,29.0,5.0,17.0,0.0,0.0,0.025
1951-01-23,40.0,24.0,32.0,0.05,0.0,0.0
1951-01-24,40.0,31.0,35.5,0.53,0.0,0.0
1951-01-25,32.0,19.0,25.5,0.0025,0.0025,0.025
1951-01-26,24.0,18.0,21.0,0.05,1.0,1.0
1951-01-27,38.0,10.0,24.0,0.05,0.8,1.0
1951-01-28,34.0,13.0,23.5,0.55,0.0,0.025
1951-01-29,35.0,20.0,27.5,0.34,0.0,0.0
1951-01-30,25.0,7.0,16.0,0.0,0.0,0.0
1951-01-31,32.0,14.0,23.0,0.14,0.5,0.025
1951-02-01,38.0,21.0,29.5,1.31,0.0025,0.025
1951-02-02,26.0,5.0,15.5,0.0025,0.0025,0.025
1952-01-01,68.0,39.0,53.5,0.0,0.0,0.0
1952-01-02,52.0,35.0,43.5,0.27,0.0,0.0
1952-01-03,39.0,21.0,30.0,0.5,0.0025,0.025
1952-01-04,36.0,19.0,27.5,0.0,0.0,0.025
1952-01-05,39.0,30.0,34.5,0.16,0.0025,0.025
1952-01-06,32.0,24.0,28.0,0.0,0.0,0.0
1952-01-07,32.0,10.0,21.0,0.0,0.0,0.0
1952-01-08,35.0,18.0,26.5,0.0,0.0,0.0
1952-01-09,48.0,32.0,40.0,0.01,0.0,0.0
1952-01-10,36.0,25.0,30.5,0.01,0.3,0.025
1952-01-11,31.0,17.0,24.0,0.0,0.0,0.025
1952-01-12,43.0,21.0,32.0,0.0,0.0,0.0
1952-01-13,36.0,18.0,27.0,0.0,0.0,0.0
1952-01-14,55.0,35.0,45.0,0.07,0.0,0.0
1952-01-15,63.0,43.0,53.0,0.06,0.0,0.0
1952-01-16,53.0,28.0,40.5,0.0,0.0,0.0
1952-01-17,58.0,28.0,43.0,0.25,0.0,0.0
1952-01-18,58.0,32.0,45.0,0.35,0.0,0.0
1952-01-19,38.0,20.0,29.0,0.07,0.0025,0.0
1952-01-20,56.0,34.0,45.0,0.16,0.0025,0.0
1952-01-21,35.0,15.0,25.0,0.0025,0.0025,0.0
1952-01-22,40.0,28.0,34.0,0.35,0.0,0.0
1952-01-23,43.0,21.0,32.0,0.03,0.2,0.025
1952-01-24,24.0,9.0,16.5,0.02,2.1,2.0
1952-01-25,36.0,0.0,18.0,0.0,0.0,1.0
1952-01-26,55.0,28.0,41.5,1.48,0.0,0.0
1952-01-27,52.0,38.0,45.0,0.87,0.0,0.0
1952-01-28,40.0,29.0,34.5,0.0025,0.0025,0.025
1952-01-29,29.0,6.0,17.5,0.0025,0.0025,0.025
1952-01-30,20.0,0.0,10.0,0.0,0.0,0.0
1952-01-31,38.0,6.0,22.0,0.0,0.0,0.0
1952-02-01,50.0,20.0,35.0,0.0,0.0,0.0
1952-02-02,48.0,38.0,43.0,0.35,0.0,0.0
1953-01-01,34.0,31.0,32.5,0.02,0.0025,1.0
1953-01-02,42.0,25.0,33.5,0.0,0.0,0.025
1953-01-03,42.0,32.0,37.0,0.13,0.0,0.025
1953-01-04,33.0,24.0,28.5,0.09,1.6,2.0
1953-01-05,28.0,15.0,21.5,0.06,0.8,2.0
1953-01-06,28.0,11.0,19.5,0.02,0.8,3.0
1953-01-07,31.0,21.0,26.0,0.05,0.9,2.0
1953-01-08,37.0,28.0,32.5,0.4,0.0,1.0
1953-01-09,42.0,36.0,39.0,0.03,0.0,0.0
1953-01-10,44.0,35.0,39.5,0.37,0.0,0.0
1953-01-11,41.0,32.0,36.5,0.18,0.0025,0.025
1953-01-12,34.0,19.0,26.5,0.0,0.0,0.0
1953-01-13,49.0,25.0,37.0,0.0,0.0,0.0
1953-01-14,56.0,26.0,41.0,0.0,0.0,0.0
1953-01-15,60.0,30.0,45.0,0.0,0.0,0.0
1953-01-16,56.0,29.0,42.5,0.03,0.0,0.0
1953-01-17,35.0,15.0,25.0,0.18,0.0,0.0
1953-01-18,51.0,32.0,41.5,0.33,0.0,0.0
1953-01-19,50.0,25.0,37.5,0.0,0.0,0.0
1953-01-20,46.0,32.0,39.0,0.0,0.0,0.0
1953-01-21,42.0,36.0,39.0,0.17,0.0,0.0
1953-01-22,42.0,31.0,36.5,0.0,0.0,0.0
1953-01-23,55.0,25.0,40.0,0.0,0.0,0.0
1953-01-24,56.0,35.0,45.5,0.5,0.0,0.0
1953-01-25,36.0,23.0,29.5,0.07,1.0,1.0
1953-01-26,33.0,7.0,20.0,0.0025,0.0025,0.025
1953-01-27,49.0,26.0,37.5,0.0,0.0,0.0
1953-01-28,48.0,25.0,36.5,0.47,0.0025,0.025
1953-01-29,30.0,18.0,24.0,0.05,0.8,1.0
1953-01-30,48.0,11.0,29.5,0.0025,0.0025,0.0
1953-01-31,54.0,33.0,43.5,0.05,0.0,0.0
1953-02-01,46.0,18.0,32.0,0.0,0.0,0.0
1953-02-02,36.0,8.0,22.0,0.0,0.0,0.0
1954-01-01,42.0,15.0,28.5,0.0025,0.0025,0.0
1954-01-02,51.0,17.0,34.0,0.0,0.0,0.0
1954-01-03,44.0,29.0,36.5,0.12,0.0,0.0
1954-01-04,32.0,26.0,29.0,0.0,0.0,0.0
1954-01-05,31.0,16.0,23.5,0.11,1.1,1.0
1954-01-06,29.0,23.0,26.0,0.21,2.7,4.0
1954-01-07,30.0,23.0,26.5,0.02,0.3,3.0
1954-01-08,31.0,6.0,18.5,0.0025,0.0,1.0
1954-01-09,44.0,18.0,31.0,0.02,0.0,0.025
1954-01-10,45.0,23.0,34.0,0.23,0.0,0.0
1954-01-11,29.0,15.0,22.0,0.11,1.2,1.0
1954-01-12,25.0,14.0,19.5,0.03,0.4,2.0
1954-01-13,18.0,3.0,10.5,0.11,0.6,2.0
1954-01-14,34.0,3.0,18.5,0.0025,2.4,5.0
1954-01-15,38.0,33.0,35.5,0.4,0.0025,1.0
1954-01-16,39.0,30.0,34.5,0.31,0.0025,1.0
1954-01-17,31.0,10.0,20.5,0.04,0.8,1.0
1954-01-18,41.0,-5.0,18.0,0.0,0.0,1.0
1954-01-19,40.0,21.0,30.5,0.0,0.0,0.0
1954-01-20,61.0,34.0,47.5,0.0025,0.0,0.0
1954-01-21,57.0,30.0,43.5,0.29,0.0,0.0
1954-01-22,30.0,17.0,23.5,0.02,0.0,0.0
1954-01-23,37.0,6.0,21.5,0.0,0.0,0.0
1954-01-24,49.0,24.0,36.5,0.0,0.0,0.0
1954-01-25,42.0,35.0,38.5,0.0,0.0,0.0
1954-01-26,60.0,35.0,47.5,0.0025,0.0,0.0
1954-01-27,59.0,30.0,44.5,0.84,0.0025,0.0
1954-01-28,32.0,20.0,26.0,0.04,0.5,0.025
1954-01-29,33.0,7.0,20.0,0.0,0.0,0.025
1954-01-30,38.0,25.0,31.5,0.0,0.0025,0.0
1954-01-31,30.0,13.0,21.5,0.04,0.0,0.0
1954-02-01,39.0,9.0,24.0,0.0025,0.0025,0.025
1954-02-02,43.0,30.0,36.5,0.0025,0.0,0.0
1955-01-01,55.0,21.0,38.0,0.0,0.0,0.0
1955-01-02,49.0,22.0,35.5,0.21,0.0,0.0
1955-01-03,,19.0,,0.0,0.0,0.0
1955-01-04,42.0,29.0,35.5,0.05,0.0,0.0
1955-01-05,43.0,24.0,33.5,0.0,0.0,0.0
1955-01-06,56.0,32.0,44.0,0.45,0.0,0.0
1955-01-07,33.0,27.0,30.0,0.13,0.0,0.0
1955-01-08,40.0,16.0,28.0,0.0,0.0,0.0
1955-01-09,36.0,18.0,27.0,0.0,0.0,0.0
1955-01-10,37.0,31.0,34.0,0.12,0.0025,0.025
1955-01-11,37.0,23.0,30.0,0.0,0.0,0.0
1955-01-12,34.0,19.0,26.5,0.2,0.2,0.025
1955-01-13,30.0,25.0,27.5,0.1,1.1,1.0
1955-01-14,29.0,21.0,25.0,0.02,0.3,1.0
1955-01-15,39.0,23.0,31.0,0.07,1.0,2.0
1955-01-16,36.0,19.0,27.5,0.0,0.0,1.0
1955-01-17,31.0,15.0,23.0,0.0025,0.0025,1.0
1955-01-18,27.0,18.0,22.5,0.0025,0.0025,1.0
1955-01-19,28.0,19.0,23.5,0.0,0.0,1.0
1955-01-20,28.0,12.0,20.0,0.0,0.0,0.025
1955-01-21,39.0,5.0,22.0,0.0,0.0,0.025
1955-01-22,40.0,28.0,34.0,0.16,0.9,1.0
1955-01-23,32.0,10.0,21.0,0.03,0.5,1.0
1955-01-24,30.0,6.0,18.0,0.0,0.0,1.0
1955-01-25,30.0,10.0,20.0,0.17,1.7,3.0
1955-01-26,30.0,17.0,23.5,0.2,2.3,2.0
1955-01-27,32.0,0.0,16.0,0.15,2.1,4.0
1955-01-28,20.0,-13.0,3.5,0.0,0.0,4.0
1955-01-29,19.0,-4.0,7.5,0.02,0.3,4.0
1955-01-30,17.0,-13.0,2.0,0.0,0.0,4.0
1955-01-31,24.0,-14.0,5.0,0.0,0.0,3.0
1955-02-01,38.0,22.0,30.0,0.08,1.0,4.0
1955-02-02,33.0,8.0,20.5,0.28,3.0,6.0
1956-01-01,33.0,7.0,20.0,0.0,0.0,0.0
1956-01-02,35.0,15.0,25.0,0.0,0.0,0.0
1956-01-03,38.0,33.0,35.5,0.11,0.0,0.0
1956-01-04,36.0,29.0,32.5,0.09,0.0,0.0
1956-01-05,33.0,23.0,28.0,0.0,0.0,0.0
1956-01-06,53.0,17.0,35.0,0.0,0.0,0.0
1956-01-07,33.0,19.0,26.0,0.0,0.0,0.0
1956-01-08,25.0,14.0,19.5,0.02,0.3,0.025
1956-01-09,22.0,16.0,19.0,0.04,0.5,1.0
1956-01-10,27.0,20.0,23.5,0.26,3.0,2.0
1956-01-11,35.0,27.0,31.0,0.05,2.0,2.0
1956-01-12,35.0,30.0,32.5,0.03,1.0,0.025
1956-01-13,36.0,25.0,30.5,0.02,0.3,0.025
1956-01-14,34.0,20.0,27.0,0.0,0.0,0.025
1956-01-15,31.0,8.0,19.5,0.0,0.0,0.025
1956-01-16,36.0,18.0,27.0,0.0,0.0,0.025
1956-01-17,32.0,21.0,26.5,0.0025,0.0025,0.025
1956-01-18,34.0,21.0,27.5,0.0,0.0,0.025
1956-01-19,32.0,16.0,24.0,0.0,0.0,0.025
1956-01-20,33.0,17.0,25.0,0.34,3.7,4.0
1956-01-21,32.0,13.0,22.5,0.0,0.0,4.0
1956-01-22,35.0,28.0,31.5,0.0,0.0,4.0
1956-01-23,33.0,7.0,20.0,0.02,0.3,4.0
1956-01-24,27.0,,,0.0025,0.0025,4.0
1956-01-25,30.0,12.0,21.0,0.0,0.0,3.0
1956-01-26,26.0,-1.0,12.5,0.0025,0.0025,3.0
1956-01-27,29.0,15.0,22.0,0.0025,0.0025,3.0
1956-01-28,40.0,-1.0,19.5,0.0,0.0,2.0
1956-01-29,42.0,32.0,37.0,0.54,0.0,1.0
1956-01-30,50.0,24.0,37.0,0.52,0.0025,0.0
1956-01-31,28.0,20.0,24.0,0.01,0.2,0.025
1956-02-01,40.0,6.0,23.0,0.0,0.0,0.025
1956-02-02,43.0,28.0,35.5,0.67,1.2,1.0
1957-01-01,31.0,9.0,20.0,0.09,1.6,2.0
1957-01-02,22.0,0.0,11.0,0.01,0.1,2.0
1957-01-03,28.0,15.0,21.5,0.01,0.0025,2.0
1957-01-04,39.0,22.0,30.5,0.0,0.0,2.0
1957-01-05,31.0,24.0,27.5,0.0,0.0,0.025
1957-01-06,33.0,18.0,25.5,0.0,0.0,0.025
1957-01-07,32.0,27.0,29.5,0.15,1.8,2.0
1957-01-08,31.0,20.0,25.5,0.12,1.5,3.0
1957-01-09,38.0,27.0,32.5,0.14,1.5,4.0
1957-01-10,39.0,20.0,29.5,0.39,0.0025,1.0
1957-01-11,22.0,9.0,15.5,0.01,0.0025,1.0
1957-01-12,38.0,4.0,21.0,0.0,0.0,1.0
1957-01-13,35.0,18.0,26.5,0.0,0.0,0.025
1957-01-14,18.0,-2.0,8.0,0.11,1.4,1.0
1957-01-15,23.0,-8.0,7.5,0.0,0.0,1.0
1957-01-16,18.0,9.0,13.5,0.04,0.6,2.0
1957-01-17,10.0,-15.0,-2.5,0.01,0.0025,2.0
1957-01-18,18.0,-3.0,7.5,0.04,0.6,2.0
1957-01-19,31.0,9.0,20.0,0.01,0.0025,2.0
1957-01-20,46.0,2.0,24.0,0.0,0.0,2.0
1957-01-21,54.0,34.0,44.0,0.0,0.0,0.025
1957-01-22,58.0,30.0,44.0,0.0,0.0,0.025
1957-01-23,57.0,18.0,37.5,0.5,0.0025,0.0
1957-01-24,30.0,8.0,19.0,0.0025,0.0,0.0
1957-01-25,34.0,25.0,29.5,0.0,0.0,0.0
1957-01-26,33.0,24.0,28.5,0.18,2.0,2.0
1957-01-27,30.0,23.0,26.5,0.03,0.4,2.0
1957-01-28,33.0,21.0,27.0,0.0,0.0,0.0
1957-01-29,40.0,30.0,35.0,0.57,0.0,0.0
1957-01-30,31.0,23.0,27.0,0.28,0.5,0.025
1957-01-31,38.0,25.0,31.5,0.0,0.0,0.025
1957-02-01,35.0,31.0,33.0,0.0025,0.0025,0.025
1957-02-02,33.0,23.0,28.0,0.4,0.0,0.025
1958-01-01,42.0,20.0,31.0,0.0,0.0,0.025
1958-01-02,22.0,12.0,17.0,0.11,1.2,1.0
1958-01-03,22.0,5.0,13.5,0.02,0.2,1.0
1958-01-04,21.0,-5.0,8.0,0.0,0.0,1.0
1958-01-05,25.0,-3.0,11.0,0.0,0.0,1.0
1958-01-06,43.0,3.0,23.0,0.0,0.0,0.025
1958-01-07,43.0,23.0,33.0,0.05,0.7,1.0
1958-01-08,25.0,6.0,15.5,0.02,0.4,2.0
1958-01-09,23.0,-11.0,6.0,0.01,0.2,2.0
1958-01-10,42.0,0.0,21.0,0.0025,0.0025,0.025
1958-01-11,40.0,24.0,32.0,0.0,0.0,0.0
1958-01-12,40.0,1.0,20.5,0.0,0.0,0.0
1958-01-13,47.0,10.0,28.5,0.0,0.0,0.0
1958-01-14,38.0,33.0,35.5,0.29,0.0,0.0
1958-01-15,38.0,33.0,35.5,1.14,0.0,0.0
1958-01-16,34.0,27.0,30.5,0.0025,0.0025,0.025
1958-01-17,28.0,24.0,26.0,0.03,0.3,0.025
1958-01-18,29.0,19.0,24.0,0.05,0.7,1.0
1958-01-19,26.0,2.0,14.0,0.0025,0.0025,1.0
1958-01-20,47.0,8.0,27.5,0.0,0.0,0.025
1958-01-21,41.0,31.0,36.0,0.0,0.0,0.0
1958-01-22,42.0,32.0,37.0,0.32,0.2,0.025
1958-01-23,37.0,24.0,30.5,0.22,0.0025,0.025
1958-01-24,37.0,21.0,29.0,0.0,0.0,0.025
1958-01-25,38.0,28.0,33.0,0.82,2.6,3.0
1958-01-26,35.0,30.0,32.5,0.05,0.5,2.0
1958-01-27,35.0,25.0,30.0,0.0,0.0,2.0
1958-01-28,32.0,27.0,29.5,0.16,1.8,4.0
1958-01-29,34.0,27.0,30.5,0.07,0.8,5.0
1958-01-30,32.0,26.0,29.0,0.0025,0.0025,5.0
1958-01-31,33.0,28.0,30.5,0.13,1.5,6.0
1958-02-01,35.0,22.0,28.5,0.0,0.0,5.0
1958-02-02,29.0,22.0,25.5,0.0,0.0,4.0
1959-01-01,38.0,30.0,34.0,0.04,0.0,0.0
1959-01-02,42.0,32.0,37.0,1.5,0.0,0.0
1959-01-03,46.0,18.0,32.0,0.0,0.0,0.0
1959-01-04,41.0,20.0,30.5,0.0,0.0,0.0
1959-01-05,20.0,2.0,11.0,0.05,0.5,0.025
1959-01-06,18.0,2.0,10.0,0.0,0.0,0.025
1959-01-07,23.0,4.0,13.5,0.0,0.0,0.025
1959-01-08,27.0,8.0,17.5,0.0,0.0,0.025
1959-01-09,20.0,9.0,14.5,0.01,0.2,0.025
1959-01-10,21.0,14.0,17.5,0.0025,0.0025,0.025
1959-01-11,25.0,18.0,21.5,0.18,2.0,2.0
1959-01-12,40.0,2.0,21.0,0.0025,0.0025,1.0
1959-01-13,39.0,28.0,33.5,0.0,0.0,0.025
1959-01-14,41.0,15.0,28.0,0.0,0.0,0.025
1959-01-15,50.0,36.0,43.0,0.46,0.0,0.0
1959-01-16,36.0,5.0,20.5,0.63,1.0,1.0
1959-01-17,14.0,4.0,9.0,0.28,3.0,4.0
1959-01-18,15.0,-6.0,4.5,0.0025,0.0025,4.0
1959-01-19,35.0,-6.0,14.5,0.0,0.0,4.0
1959-01-20,41.0,32.0,36.5,0.1,1.2,3.0
1959-01-21,67.0,38.0,52.5,0.7,0.0,0.025
1959-01-22,64.0,10.0,37.0,0.7,0.0025,0.025
1959-01-23,21.0,14.0,17.5,0.0025,0.0025,0.025
1959-01-24,42.0,12.0,27.0,0.0025,0.0025,0.025
1959-01-25,47.0,34.0,40.5,0.0025,0.0025,0.025
1959-01-26,34.0,23.0,28.5,0.28,2.7,3.0
1959-01-27,30.0,12.0,21.0,0.08,0.0,3.0
1959-01-28,39.0,-1.0,19.0,0.0,0.0,3.0
1959-01-29,44.0,11.0,27.5,0.0,0.0,3.0
1959-01-30,53.0,34.0,43.5,0.08,0.0,0.025
1959-01-31,34.0,20.0,27.0,0.1,0.0,0.025
1959-02-01,21.0,11.0,16.0,0.0,0.0,0.025
1959-02-02,24.0,-2.0,11.0,0.0,0.0,0.0
1960-01-01,42.0,16.0,29.0,0.0,0.0,0.0
1960-01-02,46.0,24.0,35.0,0.0,0.0,0.0
1960-01-03,49.0,31.0,40.0,0.95,0.0,0.0
1960-01-04,31.0,24.0,27.5,0.0025,0.0025,0.025
1960-01-05,32.0,21.0,26.5,0.0,0.0,0.0
1960-01-06,37.0,18.0,27.5,0.0,0.0,0.0
1960-01-07,41.0,24.0,32.5,0.0,0.0,0.0
1960-01-08,40.0,34.0,37.0,0.0,0.0,0.0
1960-01-09,48.0,21.0,34.5,0.0,0.0,0.0
1960-01-10,48.0,26.0,37.0,0.0,0.0,0.0
1960-01-11,44.0,27.0,35.5,0.0025,0.0,0.0
1960-01-12,40.0,25.0,32.5,0.0,0.0,0.0
1960-01-13,58.0,38.0,48.0,0.96,0.0,0.0
1960-01-14,44.0,35.0,39.5,0.1,0.0,0.0
1960-01-15,57.0,30.0,43.5,0.2,0.0,0.0
1960-01-16,35.0,18.0,26.5,0.0025,0.0025,0.025
1960-01-17,30.0,25.0,27.5,0.06,0.0025,0.025
1960-01-18,38.0,28.0,33.0,0.02,0.0,0.0
1960-01-19,35.0,25.0,30.0,0.4,1.0,1.0
1960-01-20,27.0,18.0,22.5,0.1,1.0,2.0
1960-01-21,21.0,16.0,18.5,0.0025,0.0025,2.0
1960-01-22,22.0,14.0,18.0,0.05,0.8,3.0
1960-01-23,22.0,18.0,20.0,0.02,0.5,3.0
1960-01-24,28.0,14.0,21.0,0.0025,0.0025,3.0
1960-01-25,30.0,1.0,15.5,0.0,0.0,2.0
1960-01-26,39.0,27.0,33.0,0.0025,0.0,2.0
1960-01-27,44.0,23.0,33.5,0.0,0.0,1.0
1960-01-28,39.0,34.0,36.5,0.0025,0.0,0.025
1960-01-29,43.0,32.0,37.5,0.03,0.0,0.025
1960-01-30,42.0,22.0,32.0,0.0,0.0,0.0
1960-01-31,43.0,24.0,33.5,0.0,0.0,0.0
1960-02-01,40.0,19.0,29.5,0.0,0.0,0.0
1960-02-02,32.0,17.0,24.5,0.0025,0.0025,0.025
1961-01-01,36.0,29.0,32.5,0.71,5.0,8.0
1961-01-02,32.0,25.0,28.5,0.0025,0.0025,7.0
1961-01-03,29.0,14.0,21.5,0.01,0.0025,7.0
1961-01-04,24.0,9.0,16.5,0.05,1.8,8.0
1961-01-05,40.0,13.0,26.5,0.0025,0.0025,8.0
1961-01-06,45.0,27.0,36.0,0.0,0.0,7.0
1961-01-07,47.0,23.0,35.0,0.0,0.0,5.0
1961-01-08,43.0,21.0,32.0,0.0025,0.0025,3.0
1961-01-09,25.0,15.0,20.0,0.0025,0.0025,3.0
1961-01-10,36.0,7.0,21.5,0.0,0.0,3.0
1961-01-11,44.0,6.0,25.0,0.0,0.0,2.0
1961-01-12,45.0,13.0,29.0,0.0,0.0,1.0
1961-01-13,51.0,15.0,33.0,0.0,0.0,1.0
1961-01-14,51.0,25.0,38.0,0.0,0.0,0.025
1961-01-15,39.0,30.0,34.5,0.0,0.0,0.025
1961-01-16,40.0,28.0,34.0,0.23,2.0,2.0
1961-01-17,38.0,28.0,33.0,0.0,0.0,1.0
1961-01-18,36.0,31.0,33.5,0.01,0.0,1.0
1961-01-19,31.0,18.0,24.5,0.04,0.5,1.0
1961-01-20,18.0,2.0,10.0,0.56,7.5,9.0
1961-01-21,18.0,-9.0,4.5,0.0,0.0,9.0
1961-01-22,13.0,-2.0,5.5,0.02,0.5,9.0
1961-01-23,20.0,-14.0,3.0,0.01,0.0025,9.0
1961-01-24,20.0,0.0,10.0,0.04,1.0,8.0
1961-01-25,11.0,-22.0,-5.5,0.02,0.6,9.0
1961-01-26,15.0,-10.0,2.5,0.0,0.0,9.0
1961-01-27,16.0,3.0,9.5,0.15,2.7,11.0
1961-01-28,15.0,-13.0,1.0,0.01,0.4,11.0
1961-01-29,23.0,3.0,13.0,0.0,0.0,11.0
1961-01-30,20.0,8.0,14.0,0.0025,0.0025,11.0
1961-01-31,24.0,3.0,13.5,0.01,0.1,11.0
1961-02-01,22.0,11.0,16.5,0.13,2.5,13.0
1961-02-02,20.0,-26.0,-3.0,0.0,0.0,13.0
1963-01-01,21.0,-7.0,7.0,0.0,0.0,3.0
1963-01-02,26.0,10.0,18.0,0.0,0.0,3.0
1963-01-03,33.0,15.0,24.0,0.0,0.0,3.0
1963-01-04,35.0,22.0,28.5,0.0,0.0,2.0
1963-01-05,41.0,23.0,32.0,0.0,0.0,2.0
1963-01-06,36.0,26.0,31.0,0.0,0.0,2.0
1963-01-07,36.0,26.0,31.0,0.0025,0.0025,2.0
1963-01-08,34.0,31.0,32.5,0.05,0.0025,2.0
1963-01-09,45.0,31.0,38.0,0.0,0.0,1.0
1963-01-10,54.0,23.0,38.5,0.0,0.0,1.0
1963-01-11,43.0,34.0,38.5,0.28,0.0,0.025
1963-01-12,47.0,35.0,41.0,0.3,0.0,0.025
1963-01-13,39.0,12.0,25.5,0.27,1.0,1.0
1963-01-14,23.0,7.0,15.0,0.0,0.0,1.0
1963-01-15,25.0,9.0,17.0,0.0,0.0,1.0
1963-01-16,29.0,7.0,18.0,0.0025,0.0025,1.0
1963-01-17,43.0,10.0,26.5,0.0025,0.0025,1.0
1963-01-18,47.0,18.0,32.5,0.0,0.0,0.025
1963-01-19,47.0,20.0,33.5,0.0,0.0,0.025
1963-01-20,47.0,31.0,39.0,0.27,0.0,0.025
1963-01-21,31.0,3.0,17.0,0.05,0.0,0.025
1963-01-22,35.0,5.0,20.0,0.0025,0.0025,0.025
1963-01-23,41.0,4.0,22.5,0.0025,0.0025,0.025
1963-01-24,5.0,-15.0,-5.0,0.11,2.0,2.0
1963-01-25,15.0,-4.0,5.5,0.0,0.0,2.0
1963-01-26,31.0,12.0,21.5,0.0,0.0,2.0
1963-01-27,25.0,9.0,17.0,0.38,6.4,8.0
1963-01-28,10.0,-5.0,2.5,0.01,0.2,8.0
1963-01-29,31.0,-22.0,4.5,0.0,0.0,7.0
1963-01-30,32.0,21.0,26.5,0.0025,0.0025,6.0
1963-01-31,25.0,7.0,16.0,0.1,1.0,7.0
1963-02-01,35.0,2.0,18.5,0.0,0.0,6.0
1963-02-02,41.0,26.0,33.5,0.01,0.0,5.0
1964-01-01,31.0,16.0,23.5,0.07,0.2,5.0
1964-01-02,34.0,24.0,29.0,0.24,2.0,6.0
1964-01-03,50.0,25.0,37.5,0.0,0.0,6.0
1964-01-04,46.0,31.0,38.5,0.0,0.0,3.0
1964-01-05,43.0,19.0,31.0,0.0025,0.1,3.0
1964-01-06,41.0,18.0,29.5,0.0,0.0,2.0
1964-01-07,40.0,25.0,32.5,0.39,0.0025,0.025
1964-01-08,41.0,15.0,28.0,0.0,0.0,0.025
1964-01-09,47.0,34.0,40.5,0.22,0.0,0.025
1964-01-10,43.0,11.0,27.0,0.28,0.2,0.025
1964-01-11,28.0,8.0,18.0,0.0025,0.0025,0.025
1964-01-12,18.0,9.0,13.5,0.0,0.0,0.025
1964-01-13,16.0,10.0,13.0,1.1,15.6,16.0
1964-01-14,15.0,4.0,9.5,0.36,5.0,18.0
1964-01-15,25.0,-7.0,9.0,0.0025,0.0025,18.0
1964-01-16,33.0,-3.0,15.0,0.0,0.0,17.0
1964-01-17,36.0,17.0,26.5,0.0025,0.0025,11.0
1964-01-18,42.0,15.0,28.5,0.0,0.0,10.0
1964-01-19,45.0,9.0,27.0,0.0,0.0,6.0
1964-01-20,44.0,32.0,38.0,0.0025,0.0,5.0
1964-01-21,46.0,29.0,37.5,0.34,0.0,4.0
1964-01-22,52.0,20.0,36.0,0.0,0.0,3.0
1964-01-23,57.0,27.0,42.0,0.0,0.0,2.0
1964-01-24,50.0,30.0,40.0,0.0,0.0,2.0
1964-01-25,54.0,34.0,44.0,0.12,0.0,0.025
1964-01-26,38.0,32.0,35.0,0.0025,0.0,0.025
1964-01-27,40.0,20.0,30.0,0.0,0.0,0.025
1964-01-28,33.0,15.0,24.0,0.12,2.0,2.0
1964-01-29,29.0,5.0,17.0,0.0025,0.0025,1.0
1964-01-30,36.0,21.0,28.5,0.0,0.0,0.025
1964-01-31,40.0,16.0,28.0,0.0,0.0,0.025
1964-02-01,39.0,34.0,36.5,0.07,0.0,0.025
1964-02-02,35.0,30.0,32.5,0.18,0.0025,0.025
1965-01-01,36.0,17.0,26.5,0.0,0.0,0.0
1965-01-02,53.0,34.0,43.5,0.77,0.0025,0.0
1965-01-03,34.0,21.0,27.5,0.59,0.5,1.0
1965-01-04,30.0,21.0,25.5,0.0,0.0,0.025
1965-01-05,44.0,18.0,31.0,0.0,0.0,0.0
1965-01-06,42.0,28.0,35.0,0.0,0.0,0.0
1965-01-07,49.0,21.0,35.0,0.0,0.0,0.0
1965-01-08,59.0,40.0,49.5,0.93,0.0,0.0
1965-01-09,60.0,33.0,46.5,0.12,0.0,0.0
1965-01-10,33.0,28.0,30.5,0.08,0.3,0.025
1965-01-11,31.0,14.0,22.5,0.19,2.3,2.0
1965-01-12,36.0,19.0,27.5,0.0,0.0,2.0
1965-01-13,36.0,26.0,31.0,0.0,0.0,0.025
1965-01-14,31.0,6.0,18.5,0.23,2.0,3.0
1965-01-15,19.0,-3.0,8.0,0.0025,0.0025,3.0
1965-01-16,21.0,9.0,15.0,0.05,0.5,3.0
1965-01-17,14.0,-18.0,-2.0,0.03,0.3,3.0
1965-01-18,20.0,10.0,15.0,0.14,2.0,5.0
1965-01-19,23.0,-8.0,7.5,0.02,0.3,5.0
1965-01-20,33.0,14.0,23.5,0.02,0.4,5.0
1965-01-21,36.0,16.0,26.0,0.03,0.8,5.0
1965-01-22,43.0,12.0,27.5,0.0,0.0,3.0
1965-01-23,41.0,35.0,38.0,0.2,0.0,0.025
1965-01-24,39.0,35.0,37.0,1.02,0.0,0.025
1965-01-25,43.0,32.0,37.5,0.23,0.0025,0.025
1965-01-26,54.0,29.0,41.5,0.0,0.0,0.0
1965-01-27,44.0,18.0,31.0,0.38,3.0,2.0
1965-01-28,29.0,10.0,19.5,0.0025,0.0025,0.025
1965-01-29,15.0,-2.0,6.5,0.12,2.0,3.0
1965-01-30,22.0,-7.0,7.5,0.0,0.0,3.0
1965-01-31,17.0,-8.0,4.5,0.0,0.0,2.0
1965-02-01,28.0,-1.0,13.5,0.0,0.0,1.0
1965-02-02,28.0,10.0,19.0,0.12,2.0,3.0
1966-01-01,62.0,39.0,50.5,0.2,0.0,0.0
1966-01-02,42.0,37.0,39.5,0.4,0.0,0.0
1966-01-03,43.0,34.0,38.5,0.94,0.0,0.0
1966-01-04,43.0,18.0,30.5,0.0,0.0,0.0
1966-01-05,51.0,15.0,33.0,0.0,0.0,0.0
1966-01-06,43.0,34.0,38.5,0.26,0.0,0.0
1966-01-07,40.0,32.0,36.0,0.36,0.0,0.0
1966-01-08,33.0,13.0,23.0,0.01,0.1,0.025
1966-01-09,30.0,3.0,16.5,0.03,0.5,1.0
1966-01-10,43.0,17.0,30.0,0.0,0.0,1.0
1966-01-11,39.0,14.0,26.5,0.0,0.0,0.025
1966-01-12,25.0,2.0,13.5,0.0025,0.0025,0.025
1966-01-13,39.0,15.0,27.0,0.0,0.0,0.025
1966-01-14,35.0,25.0,30.0,0.04,0.0025,0.025
1966-01-15,34.0,26.0,30.0,0.0,0.0,0.025
1966-01-16,28.0,8.0,18.0,0.0,0.0,0.025
1966-01-17,24.0,17.0,20.5,0.01,0.2,0.025
1966-01-18,24.0,16.0,20.0,0.0025,0.1,0.025
1966-01-19,25.0,11.0,18.0,0.01,0.7,1.0
1966-01-20,30.0,23.0,26.5,0.05,0.5,1.0
1966-01-21,41.0,24.0,32.5,0.0,0.0,1.0
1966-01-22,32.0,20.0,26.0,0.0,0.0,0.025
1966-01-23,30.0,26.0,28.0,0.8,9.8,10.0
1966-01-24,26.0,10.0,18.0,0.12,2.1,11.0
1966-01-25,31.0,-7.0,12.0,0.0,0.0,10.0
1966-01-26,22.0,9.0,15.5,0.0,0.0,8.0
1966-01-27,21.0,-6.0,7.5,0.03,0.5,8.0
1966-01-28,12.0,-5.0,3.5,0.03,0.6,8.0
1966-01-29,10.0,-21.0,-5.5,0.0,0.0,8.0
1966-01-30,12.0,7.0,9.5,0.3,3.0,11.0
1966-01-31,18.0,0.0,9.0,0.06,1.9,13.0
1966-02-01,23.0,10.0,16.5,0.02,0.5,12.0
1966-02-02,28.0,22.0,25.0,0.3,4.0,15.0
1967-01-01,42.0,27.0,34.5,0.02,0.2,0.025
1967-01-02,39.0,30.0,34.5,0.0025,0.0,0.025
1967-01-03,40.0,17.0,28.5,0.0,0.0,0.025
1967-01-04,37.0,28.0,32.5,0.0,0.0,0.025
1967-01-05,28.0,10.0,19.0,0.0,0.0,0.025
1967-01-06,35.0,22.0,28.5,0.0,0.0,0.025
1967-01-07,49.0,31.0,40.0,0.02,0.0,0.025
1967-01-08,55.0,26.0,40.5,0.02,0.0,0.0
1967-01-09,31.0,20.0,25.5,0.0,0.0,0.0
1967-01-10,35.0,15.0,25.0,0.0025,0.0025,0.0
1967-01-11,28.0,22.0,25.0,0.0025,0.0025,0.025
1967-01-12,40.0,16.0,28.0,0.0025,0.0025,0.025
1967-01-13,44.0,23.0,33.5,0.0025,0.0025,0.0
1967-01-14,44.0,31.0,37.5,0.0,0.0,0.0
1967-01-15,42.0,28.0,35.0,0.02,0.0,0.0
1967-01-16,29.0,14.0,21.5,0.0025,0.0025,0.025
1967-01-17,39.0,21.0,30.0,0.0025,0.0025,0.0
1967-01-18,27.0,5.0,16.0,0.0025,0.0025,0.025
1967-01-19,32.0,4.0,18.0,0.0,0.0,0.0
1967-01-20,41.0,13.0,27.0,0.0,0.0,0.0
1967-01-21,49.0,16.0,32.5,0.0,0.0,0.0
1967-01-22,58.0,35.0,46.5,0.0,0.0,0.0
1967-01-23,62.0,40.0,51.0,0.0,0.0,0.0
1967-01-24,66.0,37.0,51.5,0.0,0.0,0.0
1967-01-25,67.0,39.0,53.0,0.0,0.0,0.0
1967-01-26,55.0,42.0,48.5,0.02,0.0,0.0
1967-01-27,55.0,35.0,45.0,0.0,0.0,0.0
1967-01-28,35.0,20.0,27.5,0.65,1.0,1.0
1967-01-29,28.0,18.0,23.0,0.05,2.0,3.0
1967-01-30,32.0,10.0,21.0,0.01,0.1,2.0
1967-01-31,38.0,6.0,22.0,0.0,0.0,1.0
1967-02-01,41.0,32.0,36.5,0.49,0.0,0.025
1967-02-02,56.0,32.0,44.0,0.02,0.0,0.025
1968-01-01,30.0,-3.0,13.5,0.38,3.8,7.0
1968-01-02,28.0,-4.0,12.0,0.0,0.0,7.0
1968-01-03,37.0,25.0,31.0,0.02,0.2,7.0
1968-01-04,30.0,13.0,21.5,0.02,0.3,5.0
1968-01-05,13.0,-6.0,3.5,0.0,0.0,5.0
1968-01-06,32.0,-2.0,15.0,0.0,0.0,5.0
1968-01-07,28.0,5.0,16.5,0.08,1.2,5.0
1968-01-08,10.0,-6.0,2.0,0.01,0.2,5.0
1968-01-09,25.0,-2.0,11.5,0.0025,0.0025,5.0
1968-01-10,28.0,19.0,23.5,0.02,0.2,5.0
1968-01-11,24.0,3.0,13.5,0.0,0.0,5.0
1968-01-12,33.0,-10.0,11.5,0.0,0.0,5.0
1968-01-13,29.0,17.0,23.0,0.0,0.0,5.0
1968-01-14,40.0,26.0,33.0,0.07,0.7,5.0
1968-01-15,33.0,22.0,27.5,0.2,1.4,4.0
1968-01-16,23.0,2.0,12.5,0.09,1.0,5.0
1968-01-17,34.0,6.0,20.0,0.0,0.0,5.0
1968-01-18,45.0,10.0,27.5,0.0,0.0,4.0
1968-01-19,37.0,16.0,26.5,0.0025,0.0025,3.0
1968-01-20,41.0,19.0,30.0,0.0025,0.0025,3.0
1968-01-21,40.0,26.0,33.0,0.0,0.0,2.0
1968-01-22,38.0,21.0,29.5,0.0,0.0,2.0
1968-01-23,37.0,22.0,29.5,0.05,0.0,1.0
1968-01-24,22.0,3.0,12.5,0.11,0.8,1.0
1968-01-25,30.0,0.0,15.0,0.0,0.0,1.0
1968-01-26,36.0,1.0,18.5,0.0,0.0,1.0
1968-01-27,50.0,21.0,35.5,0.0,0.0,1.0
1968-01-28,41.0,32.0,36.5,0.02,0.0,0.025
1968-01-29,43.0,33.0,38.0,0.32,0.0,0.025
1968-01-30,40.0,35.0,37.5,0.63,0.0,0.025
1968-01-31,44.0,34.0,39.0,0.54,0.0,0.025
1968-02-01,44.0,37.0,40.5,0.0,0.0,0.025
1968-02-02,52.0,35.0,43.5,0.06,0.0,0.0
1969-01-01,32.0,3.0,17.5,0.1,0.0025,0.025
1969-01-02,19.0,9.0,14.0,0.0025,0.0025,0.025
1969-01-03,30.0,11.0,20.5,0.0025,0.0025,0.025
1969-01-04,19.0,7.0,13.0,0.03,0.5,0.025
1969-01-05,20.0,-3.0,8.5,0.01,0.2,0.025
1969-01-06,28.0,7.0,17.5,0.0,0.0,0.025
1969-01-07,32.0,17.0,24.5,0.25,3.2,3.0
1969-01-08,24.0,8.0,16.0,0.06,1.0,4.0
1969-01-09,42.0,22.0,32.0,0.21,0.0,1.0
1969-01-10,22.0,13.0,17.5,0.0025,0.1,1.0
1969-01-11,19.0,14.0,16.5,0.01,0.1,1.0
1969-01-12,22.0,11.0,16.5,0.01,0.1,1.0
1969-01-13,24.0,14.0,19.0,0.02,0.3,1.0
1969-01-14,27.0,19.0,23.0,0.0025,0.0025,1.0
1969-01-15,33.0,18.0,25.5,0.02,0.3,1.0
1969-01-16,41.0,5.0,23.0,0.0,0.0,1.0
1969-01-17,41.0,32.0,36.5,0.0025,0.0,0.025
1969-01-18,49.0,35.0,42.0,0.35,0.0,0.025
1969-01-19,49.0,29.0,39.0,0.1,0.0,0.025
1969-01-20,39.0,23.0,31.0,0.0,0.0,0.0
1969-01-21,42.0,34.0,38.0,0.0,0.0,0.0
1969-01-22,49.0,33.0,41.0,0.01,0.0,0.0
1969-01-23,52.0,36.0,44.0,0.0,0.0,0.0
1969-01-24,56.0,40.0,48.0,0.0025,0.0,0.0
1969-01-25,40.0,20.0,30.0,0.09,0.0,0.0
1969-01-26,24.0,10.0,17.0,0.0025,0.0025,0.025
1969-01-27,32.0,7.0,19.5,0.0025,0.1,0.025
1969-01-28,36.0,11.0,23.5,0.0,0.0,0.025
1969-01-29,43.0,23.0,33.0,0.27,0.0,0.0
1969-01-30,55.0,38.0,46.5,0.65,0.0,0.0
1969-01-31,53.0,33.0,43.0,0.64,0.0,0.0
1969-02-01,41.0,31.0,36.0,0.13,0.0,0.0
1969-02-02,46.0,28.0,37.0,0.11,0.0,0.0
1970-01-01,29.0,22.0,25.5,0.0025,0.1,3.0
1970-01-02,30.0,23.0,26.5,0.05,0.6,3.0
1970-01-03,30.0,20.0,25.0,0.14,2.0,5.0
1970-01-04,20.0,9.0,14.5,0.27,3.0,6.0
1970-01-05,36.0,10.0,23.0,0.01,0.3,6.0
1970-01-06,33.0,24.0,28.5,0.0025,0.1,3.0
1970-01-07,24.0,10.0,17.0,0.26,3.2,5.0
1970-01-08,10.0,-3.0,3.5,0.03,0.5,5.0
1970-01-09,5.0,-4.0,0.5,0.01,0.0025,5.0
1970-01-10,17.0,2.0,9.5,0.08,0.8,5.0
1970-01-11,25.0,-2.0,11.5,0.0025,0.0025,5.0
1970-01-12,26.0,21.0,23.5,0.25,2.5,7.0
1970-01-13,25.0,20.0,22.5,0.01,0.3,6.0
1970-01-14,23.0,11.0,17.0,0.09,1.5,7.0
1970-01-15,35.0,-9.0,13.0,0.0025,0.0025,7.0
1970-01-16,47.0,7.0,27.0,0.0,0.0,6.0
1970-01-17,38.0,28.0,33.0,0.12,0.0,4.0
1970-01-18,36.0,20.0,28.0,0.09,0.0025,3.0
1970-01-19,20.0,2.0,11.0,0.0,0.0,3.0
1970-01-20,19.0,0.0,9.5,0.05,0.6,3.0
1970-01-21,16.0,0.0,8.0,0.26,3.6,6.0
1970-01-22,15.0,-10.0,2.5,0.0025,0.3,6.0
1970-01-23,22.0,-7.0,7.5,0.0,0.0,6.0
1970-01-24,22.0,-4.0,9.0,0.03,1.0,6.0
1970-01-25,46.0,20.0,33.0,0.08,1.0,6.0
1970-01-26,48.0,33.0,40.5,0.1,0.0,2.0
1970-01-27,35.0,30.0,32.5,0.04,0.3,2.0
1970-01-28,46.0,25.0,35.5,0.16,2.0,3.0
1970-01-29,58.0,37.0,47.5,0.56,0.0,2.0
1970-01-30,38.0,20.0,29.0,0.11,0.0025,0.025
1970-01-31,41.0,18.0,29.5,0.0025,0.1,0.025
1970-02-01,51.0,25.0,38.0,0.0,0.0,0.025
1970-02-02,50.0,33.0,41.5,0.21,0.0,0.025
1971-01-01,34.0,18.0,26.0,0.52,4.0,6.0
1971-01-02,35.0,11.0,23.0,0.0,0.0,5.0
1971-01-03,46.0,27.0,36.5,0.0,0.0,4.0
1971-01-04,47.0,21.0,34.0,0.53,0.0,3.0
1971-01-05,46.0,27.0,36.5,0.87,0.0,0.025
1971-01-06,28.0,14.0,21.0,0.0,0.0,0.025
1971-01-07,24.0,12.0,18.0,0.0,0.0,0.025
1971-01-08,20.0,5.0,12.5,0.0,0.0,0.025
1971-01-09,30.0,18.0,24.0,0.0025,0.3,0.025
1971-01-10,43.0,28.0,35.5,0.0025,0.0025,0.025
1971-01-11,46.0,30.0,38.0,0.0,0.0,0.025
1971-01-12,43.0,28.0,35.5,0.0,0.0,0.025
1971-01-13,31.0,22.0,26.5,0.0,0.0,0.025
1971-01-14,54.0,30.0,42.0,0.66,0.0,0.025
1971-01-15,36.0,22.0,29.0,0.0025,0.0,0.025
1971-01-16,22.0,14.0,18.0,0.01,0.4,0.025
1971-01-17,25.0,12.0,18.5,0.04,1.0,1.0
1971-01-18,19.0,-4.0,7.5,0.0025,0.1,1.0
1971-01-19,16.0,-8.0,4.0,0.17,2.5,3.0
1971-01-20,23.0,10.0,16.5,0.0025,0.3,3.0
1971-01-21,36.0,5.0,20.5,0.0025,0.1,2.0
1971-01-22,42.0,24.0,33.0,0.06,1.1,3.0
1971-01-23,40.0,26.0,33.0,0.2,0.0,0.025
1971-01-24,45.0,17.0,31.0,0.0025,0.0025,0.025
1971-01-25,42.0,31.0,36.5,0.08,1.2,1.0
1971-01-26,45.0,16.0,30.5,0.06,0.0,0.025
1971-01-27,17.0,7.0,12.0,0.07,1.2,1.0
1971-01-28,15.0,6.0,10.5,0.03,0.5,1.0
1971-01-29,24.0,6.0,15.0,0.02,0.4,1.0
1971-01-30,47.0,16.0,31.5,0.21,2.0,0.025
1971-01-31,16.0,-10.0,3.0,0.08,1.0,1.0
1971-02-01,6.0,-2.0,2.0,0.0025,0.0025,1.0
1971-02-02,11.0,-8.0,1.5,0.0,0.0,1.0
1972-01-01,47.0,24.0,35.5,0.0025,0.0025,0.0
1972-01-02,42.0,33.0,37.5,0.32,0.0,0.0
1972-01-03,46.0,22.0,34.0,0.45,0.0,0.0
1972-01-04,42.0,27.0,34.5,0.0025,0.0,0.0
1972-01-05,40.0,17.0,28.5,0.4,0.5,0.025
1972-01-06,27.0,13.0,20.0,0.06,1.0,1.0
1972-01-07,34.0,21.0,27.5,0.0,0.0,0.025
1972-01-08,37.0,18.0,27.5,0.01,1.0,1.0
1972-01-09,47.0,28.0,37.5,0.0025,0.0025,0.025
1972-01-10,52.0,38.0,45.0,0.25,0.0025,0.0
1972-01-11,51.0,33.0,42.0,0.18,0.0,0.0
1972-01-12,47.0,24.0,35.5,0.02,0.0025,0.0
1972-01-13,70.0,38.0,54.0,0.0,0.0,0.0
1972-01-14,48.0,21.0,34.5,0.08,0.5,0.025
1972-01-15,25.0,2.0,13.5,0.0,0.0,0.0
1972-01-16,8.0,-8.0,0.0,0.01,0.2,0.025
1972-01-17,37.0,0.0,18.5,0.0,0.0,0.025
1972-01-18,54.0,23.0,38.5,0.0,0.0,0.0
1972-01-19,55.0,33.0,44.0,0.07,0.0,0.0
1972-01-20,52.0,23.0,37.5,0.0,0.0,0.0
1972-01-21,52.0,32.0,42.0,0.18,0.0,0.0
1972-01-22,48.0,30.0,39.0,0.0,0.0,0.0
1972-01-23,54.0,33.0,43.5,0.49,0.0,0.0
1972-01-24,54.0,33.0,43.5,0.11,0.0,0.0
1972-01-25,57.0,22.0,39.5,0.21,0.0,0.0
1972-01-26,27.0,13.0,20.0,0.0,0.0,0.0
1972-01-27,24.0,12.0,18.0,0.0,0.0,0.0
1972-01-28,25.0,19.0,22.0,0.28,3.4,3.0
1972-01-29,29.0,6.0,17.5,0.0025,0.0025,3.0
1972-01-30,28.0,15.0,21.5,0.0,0.0,2.0
1972-01-31,22.0,6.0,14.0,0.0,0.0,2.0
1972-02-01,33.0,7.0,20.0,0.0025,0.0025,2.0
1972-02-02,35.0,25.0,30.0,0.0025,0.0025,1.0
1973-01-01,56.0,36.0,46.0,0.01,0.0,0.0
1973-01-02,37.0,23.0,30.0,0.0,0.0,0.0
1973-01-03,40.0,16.0,28.0,0.0,0.0,0.0
1973-01-04,52.0,32.0,42.0,0.62,0.0,0.0
1973-01-05,39.0,29.0,34.0,0.0,0.0,0.0
1973-01-06,29.0,15.0,22.0,0.0025,0.0025,0.025
1973-01-07,19.0,9.0,14.0,0.0025,0.0025,0.025
1973-01-08,19.0,8.0,13.5,0.0,0.0,0.0
1973-01-09,23.0,3.0,13.0,0.0,0.0,0.0
1973-01-10,21.0,3.0,12.0,0.01,0.6,1.0
1973-01-11,26.0,6.0,16.0,0.0,0.0,0.025
1973-01-12,24.0,4.0,14.0,0.0025,0.3,0.025
1973-01-13,35.0,4.0,19.5,0.0,0.0,0.025
1973-01-14,40.0,19.0,29.5,0.0,0.0,0.025
1973-01-15,38.0,32.0,35.0,0.0,0.0,0.025
1973-01-16,42.0,29.0,35.5,0.0025,0.0025,0.0
1973-01-17,57.0,24.0,40.5,0.0,0.0,0.0
1973-01-18,62.0,28.0,45.0,0.0,0.0,0.0
1973-01-19,50.0,29.0,39.5,0.0,0.0,0.0
1973-01-20,39.0,25.0,32.0,0.39,0.5,1.0
1973-01-21,47.0,10.0,28.5,0.02,0.5,1.0
1973-01-22,53.0,35.0,44.0,0.28,0.0,0.025
1973-01-23,49.0,35.0,42.0,0.1,0.0,0.0
1973-01-24,35.0,27.0,31.0,0.02,0.3,0.025
1973-01-25,46.0,15.0,30.5,0.0025,0.0025,0.025
1973-01-26,58.0,25.0,41.5,0.0,0.0,0.025
1973-01-27,49.0,32.0,40.5,0.25,0.0,0.0
1973-01-28,44.0,38.0,41.0,0.26,0.0,0.0
1973-01-29,41.0,14.0,27.5,0.18,1.0,1.0
1973-01-30,25.0,6.0,15.5,0.0025,0.0025,0.025
1973-01-31,39.0,18.0,28.5,0.0,0.0,0.025
1973-02-01,43.0,30.0,36.5,0.0,0.0,0.025
1973-02-02,54.0,31.0,42.5,0.42,0.0,0.0
1974-01-01,35.0,18.0,26.5,0.06,0.0025,0.0
1974-01-02,28.0,12.0,20.0,0.04,0.0025,0.025
1974-01-03,34.0,19.0,26.5,0.0025,0.0025,0.025
1974-01-04,32.0,13.0,22.5,0.39,2.0,2.0
1974-01-05,34.0,5.0,19.5,0.0025,0.0025,2.0
1974-01-06,30.0,21.0,25.5,0.0,0.0,2.0
1974-01-07,30.0,23.0,26.5,0.01,0.0025,2.0
1974-01-08,25.0,3.0,14.0,0.0025,0.0025,2.0
1974-01-09,39.0,19.0,29.0,0.41,4.0,5.0
1974-01-10,37.0,26.0,31.5,0.44,0.6,2.0
1974-01-11,40.0,27.0,33.5,0.83,0.0,1.0
1974-01-12,27.0,12.0,19.5,0.1,1.0,2.0
1974-01-13,24.0,1.0,12.5,0.04,0.4,2.0
1974-01-14,40.0,7.0,23.5,0.0,0.0,2.0
1974-01-15,50.0,34.0,42.0,0.0025,0.0,0.025
1974-01-16,54.0,28.0,41.0,0.0,0.0,0.025
1974-01-17,46.0,29.0,37.5,0.0,0.0,0.025
1974-01-18,45.0,29.0,37.0,0.0,0.0,0.0
1974-01-19,51.0,37.0,44.0,0.77,0.0,0.0
1974-01-20,52.0,32.0,42.0,0.02,0.0,0.0
1974-01-21,54.0,40.0,47.0,0.19,0.0,0.0
1974-01-22,47.0,35.0,41.0,0.18,0.0,0.0
1974-01-23,52.0,34.0,43.0,0.0,0.0,0.0
1974-01-24,38.0,27.0,32.5,0.18,0.0,0.0
1974-01-25,48.0,20.0,34.0,0.0,0.0,0.0
1974-01-26,51.0,21.0,36.0,0.0,0.0,0.0
1974-01-27,63.0,45.0,54.0,0.07,0.0,0.0
1974-01-28,54.0,27.0,40.5,0.0,0.0,0.0
1974-01-29,54.0,34.0,44.0,0.3,0.0,0.0
1974-01-30,53.0,29.0,41.0,0.0025,0.0,0.0
1974-01-31,58.0,24.0,41.0,0.0,0.0,0.0
1974-02-01,40.0,19.0,29.5,0.0,0.0,0.0
1974-02-02,40.0,29.0,34.5,0.0,0.0,0.0
1975-01-01,44.0,21.0,32.5,0.52,0.0025,0.0
1975-01-02,35.0,25.0,30.0,0.1,0.5,0.025
1975-01-03,37.0,21.0,29.0,0.0,0.0,0.025
1975-01-04,38.0,30.0,34.0,0.16,1.9,0.025
1975-01-05,39.0,19.0,29.0,0.05,0.5,0.025
1975-01-06,40.0,22.0,31.0,0.0,0.0,0.025
1975-01-07,46.0,31.0,38.5,0.0025,0.0025,0.025
1975-01-08,56.0,26.0,41.0,0.0,0.0,0.025
1975-01-09,47.0,37.0,42.0,0.38,0.0,0.0
1975-01-10,49.0,29.0,39.0,0.0,0.0,0.0
1975-01-11,63.0,34.0,48.5,0.0,0.0,0.0
1975-01-12,48.0,27.0,37.5,0.0,0.0,0.0
1975-01-13,33.0,13.0,23.0,0.46,4.0,3.0
1975-01-14,18.0,8.0,13.0,0.0025,0.0025,2.0
1975-01-15,26.0,-2.0,12.0,0.03,0.3,2.0
1975-01-16,30.0,16.0,23.0,0.02,0.2,2.0
1975-01-17,29.0,8.0,18.5,0.06,1.2,3.0
1975-01-18,40.0,12.0,26.0,0.0,0.0,2.0
1975-01-19,42.0,33.0,37.5,0.36,3.0,2.0
1975-01-20,33.0,9.0,21.0,0.33,3.0,2.0
1975-01-21,36.0,0.0,18.0,0.0,0.0,2.0
1975-01-22,32.0,11.0,21.5,0.0,0.0,2.0
1975-01-23,37.0,24.0,30.5,0.0025,0.0025,2.0
1975-01-24,47.0,14.0,30.5,0.0,0.0,2.0
1975-01-25,52.0,31.0,41.5,0.1,0.0,1.0
1975-01-26,39.0,28.0,33.5,0.28,0.2,1.0
1975-01-27,34.0,25.0,29.5,0.0025,0.0025,1.0
1975-01-28,42.0,30.0,36.0,0.01,0.2,0.025
1975-01-29,64.0,35.0,49.5,1.58,0.0,0.025
1975-01-30,45.0,30.0,37.5,0.39,0.0025,0.025
1975-01-31,35.0,29.0,32.0,0.12,1.0,1.0
1975-02-01,35.0,25.0,30.0,0.05,0.4,0.025
1975-02-02,37.0,25.0,31.0,0.03,0.3,0.025
1976-01-01,38.0,25.0,31.5,0.45,0.5,0.025
1976-01-02,41.0,25.0,33.0,0.0,0.0,0.025
1976-01-03,43.0,27.0,35.0,0.31,0.0,0.025
1976-01-04,28.0,13.0,20.5,0.3,1.5,1.0
1976-01-05,17.0,9.0,13.0,0.03,0.6,1.0
1976-01-06,36.0,0.0,18.0,0.0025,0.0025,1.0
1976-01-07,41.0,25.0,33.0,0.0,0.0,0.025
1976-01-08,33.0,12.0,22.5,0.4,5.5,4.0
1976-01-09,12.0,0.0,6.0,0.02,0.5,4.0
1976-01-10,21.0,-5.0,8.0,0.0,0.0,4.0
1976-01-11,35.0,16.0,25.5,0.07,0.7,4.0
1976-01-12,35.0,18.0,26.5,0.52,4.0,5.0
1976-01-13,44.0,13.0,28.5,0.02,0.5,5.0
1976-01-14,49.0,24.0,36.5,0.38,0.0025,2.0
1976-01-15,29.0,20.0,24.5,0.0025,0.0025,1.0
1976-01-16,36.0,23.0,29.5,0.03,0.5,1.0
1976-01-17,27.0,6.0,16.5,0.03,0.5,1.0
1976-01-18,14.0,-5.0,4.5,0.0,0.0,1.0
1976-01-19,35.0,-6.0,14.5,0.0,0.0,1.0
1976-01-20,41.0,29.0,35.0,0.07,0.7,1.0
1976-01-21,31.0,20.0,25.5,0.06,1.2,2.0
1976-01-22,20.0,9.0,14.5,0.3,4.0,5.0
1976-01-23,24.0,-7.0,8.5,0.1,1.5,6.0
1976-01-24,52.0,14.0,33.0,0.0,0.0,6.0
1976-01-25,40.0,20.0,30.0,0.0,0.0,2.0
1976-01-26,54.0,38.0,46.0,0.23,0.0,0.025
1976-01-27,48.0,27.0,37.5,0.38,0.4,0.025
1976-01-28,27.0,14.0,20.5,0.35,5.0,5.0
1976-01-29,35.0,15.0,25.0,0.01,0.4,5.0
1976-01-30,32.0,20.0,26.0,0.03,0.8,5.0
1976-01-31,32.0,19.0,25.5,0.07,1.0,5.0
1976-02-01,39.0,28.0,33.5,0.05,0.2,5.0
1976-02-02,36.0,-10.0,13.0,0.0025,0.0025,3.0
1977-01-01,12.0,2.0,7.0,0.0025,0.2,5.0
1977-01-02,22.0,8.0,15.0,0.06,1.0,6.0
1977-01-03,26.0,2.0,14.0,0.0025,0.0025,6.0
1977-01-04,28.0,17.0,22.5,0.05,1.0,6.0
1977-01-05,31.0,2.0,16.5,0.0025,0.1,5.0
1977-01-06,31.0,4.0,17.5,0.0,0.0,4.0
1977-01-07,30.0,11.0,20.5,0.37,4.2,8.0
1977-01-08,22.0,-7.0,7.5,0.27,2.2,10.0
1977-01-09,23.0,9.0,16.0,0.0,0.0,10.0
1977-01-10,29.0,8.0,18.5,0.37,3.5,12.0
1977-01-11,12.0,5.0,8.5,0.17,2.2,14.0
1977-01-12,10.0,-1.0,4.5,0.03,0.5,14.0
1977-01-13,18.0,-15.0,1.5,0.03,0.5,14.0
1977-01-14,35.0,17.0,26.0,0.03,0.3,14.0
1977-01-15,35.0,21.0,28.0,0.32,3.8,18.0
1977-01-16,24.0,-5.0,9.5,0.15,2.0,20.0
1977-01-17,-1.0,-13.0,-7.0,0.02,0.3,20.0
1977-01-18,7.0,-7.0,0.0,0.05,0.8,21.0
1977-01-19,13.0,-6.0,3.5,0.03,0.5,21.0
1977-01-20,22.0,2.0,12.0,0.15,3.0,23.0
1977-01-21,20.0,3.0,11.5,0.01,0.5,21.0
1977-01-22,18.0,10.0,14.0,0.03,1.0,22.0
1977-01-23,22.0,-6.0,8.0,0.0025,0.0025,22.0
1977-01-24,32.0,11.0,21.5,0.0,0.0,20.0
1977-01-25,31.0,25.0,28.0,0.19,2.5,20.0
1977-01-26,31.0,19.0,25.0,0.19,3.0,21.0
1977-01-27,31.0,3.0,17.0,0.1,1.8,23.0
1977-01-28,42.0,-2.0,20.0,0.0,0.0,22.0
1977-01-29,9.0,-10.0,-0.5,0.15,2.0,24.0
1977-01-30,10.0,1.0,5.5,0.0025,0.0025,24.0
1977-01-31,16.0,-4.0,6.0,0.0025,0.1,24.0
1977-02-01,18.0,9.0,13.5,0.0025,0.4,24.0
1977-02-02,26.0,12.0,19.0,0.04,0.6,24.0
1978-01-01,37.0,23.0,30.0,0.0,0.0,0.025
1978-01-02,35.0,17.0,26.0,0.21,2.0,2.0
1978-01-03,20.0,7.0,13.5,0.07,1.4,3.0
1978-01-04,35.0,-3.0,16.0,0.0025,0.0025,3.0
1978-01-05,41.0,16.0,28.5,0.0,0.0,2.0
1978-01-06,40.0,32.0,36.0,0.14,1.0,2.0
1978-01-07,44.0,34.0,39.0,0.01,0.0,1.0
1978-01-08,52.0,37.0,44.5,0.3,0.0,0.025
1978-01-09,50.0,3.0,26.5,0.84,5.0,5.0
1978-01-10,8.0,-1.0,3.5,0.02,1.0,5.0
1978-01-11,15.0,6.0,10.5,0.02,0.2,5.0
1978-01-12,24.0,1.0,12.5,0.0025,0.1,5.0
1978-01-13,32.0,18.0,25.0,0.03,0.5,6.0
1978-01-14,27.0,16.0,21.5,0.44,5.0,11.0
1978-01-15,19.0,12.0,15.5,0.13,2.5,13.0
1978-01-16,21.0,12.0,16.5,0.01,0.2,13.0
1978-01-17,27.0,17.0,22.0,0.17,2.2,15.0
1978-01-18,26.0,21.0,23.5,1.19,10.0,23.0
1978-01-19,26.0,10.0,18.0,0.0025,0.0025,21.0
1978-01-20,26.0,21.0,23.5,0.3,4.3,23.0
1978-01-21,24.0,15.0,19.5,0.54,8.2,30.0
1978-01-22,26.0,8.0,17.0,0.02,2.5,30.0
1978-01-23,30.0,-14.0,8.0,0.0025,0.3,28.0
1978-01-24,41.0,-3.0,19.0,0.0,0.0,26.0
1978-01-25,45.0,30.0,37.5,0.68,0.0,18.0
1978-01-26,38.0,8.0,23.0,1.05,0.0025,10.0
1978-01-27,14.0,4.0,9.0,0.15,2.0,12.0
1978-01-28,15.0,8.0,11.5,0.14,2.0,14.0
1978-01-29,17.0,10.0,13.5,0.2,2.0,16.0
1978-01-30,20.0,12.0,16.0,0.35,5.0,20.0
1978-01-31,17.0,-5.0,6.0,0.14,1.9,19.0
1978-02-01,18.0,9.0,13.5,0.04,1.2,19.0
1978-02-02,25.0,10.0,17.5,0.0,0.0,16.0
1979-01-01,56.0,44.0,50.0,0.48,0.0,0.0
1979-01-02,51.0,23.0,37.0,0.91,0.0,0.0
1979-01-03,23.0,-3.0,10.0,0.03,1.0,1.0
1979-01-04,21.0,3.0,12.0,0.0025,0.2,1.0
1979-01-05,21.0,9.0,15.0,0.0025,0.1,1.0
1979-01-06,27.0,11.0,19.0,0.2,2.5,4.0
1979-01-07,35.0,21.0,28.0,0.1,1.0,3.0
1979-01-08,33.0,14.0,23.5,0.75,0.8,4.0
1979-01-09,16.0,-1.0,7.5,0.05,0.8,4.0
1979-01-10,20.0,11.0,15.5,0.12,1.5,5.0
1979-01-11,22.0,-5.0,8.5,0.0025,0.0025,5.0
1979-01-12,25.0,6.0,15.5,0.05,1.0,6.0
1979-01-13,40.0,21.0,30.5,0.0025,0.0025,5.0
1979-01-14,44.0,24.0,34.0,0.32,0.0,2.0
1979-01-15,24.0,3.0,13.5,0.08,1.0,2.0
1979-01-16,29.0,13.0,21.0,0.0,0.0,1.0
1979-01-17,41.0,13.0,27.0,0.0025,0.0,1.0
1979-01-18,36.0,16.0,26.0,0.33,1.1,1.0
1979-01-19,26.0,2.0,14.0,0.0025,0.0025,1.0
1979-01-20,34.0,22.0,28.0,0.0,0.0,0.025
1979-01-21,35.0,27.0,31.0,0.87,1.0,1.0
1979-01-22,29.0,25.0,27.0,0.02,0.5,1.0
1979-01-23,38.0,15.0,26.5,0.02,1.5,3.0
1979-01-24,42.0,27.0,34.5,0.04,0.0,1.0
1979-01-25,36.0,18.0,27.0,0.28,2.0,2.0
1979-01-26,26.0,21.0,23.5,0.18,2.0,3.0
1979-01-27,30.0,22.0,26.0,0.07,0.5,3.0
1979-01-28,34.0,26.0,30.0,0.03,0.0025,3.0
1979-01-29,33.0,27.0,30.0,0.09,1.0,4.0
1979-01-30,29.0,22.0,25.5,0.0025,0.0025,4.0
1979-01-31,27.0,20.0,23.5,0.15,1.7,5.0
1979-02-01,24.0,14.0,19.0,0.18,2.5,7.0
1979-02-02,24.0,11.0,17.5,0.0025,0.0025,7.0
1980-01-01,31.0,17.0,24.0,0.0,0.0,0.0
1980-01-02,30.0,26.0,28.0,0.0025,0.0025,0.025
1980-01-03,32.0,26.0,29.0,0.0025,0.0025,0.025
1980-01-04,30.0,14.0,22.0,0.07,0.7,1.0
1980-01-05,29.0,21.0,25.0,0.2,2.2,2.0
1980-01-06,29.0,-1.0,14.0,0.04,0.5,3.0
1980-01-07,40.0,12.0,26.0,0.02,0.0025,1.0
1980-01-08,31.0,15.0,23.0,0.0025,0.0,0.025
1980-01-09,32.0,14.0,23.0,0.0,0.0,0.025
1980-01-10,39.0,6.0,22.5,0.08,0.8,1.0
1980-01-11,59.0,34.0,46.5,0.02,0.0,0.025
1980-01-12,54.0,20.0,37.0,0.17,0.0,0.0
1980-01-13,38.0,20.0,29.0,0.0,0.0,0.0
1980-01-14,43.0,28.0,35.5,0.17,0.0,0.0
1980-01-15,38.0,28.0,33.0,0.05,0.0,0.0
1980-01-16,54.0,23.0,38.5,0.0,0.0,0.0
1980-01-17,48.0,33.0,40.5,0.0,0.0,0.0
1980-01-18,43.0,35.0,39.0,0.12,0.0,0.0
1980-01-19,38.0,32.0,35.0,0.0,0.0,0.0
1980-01-20,35.0,28.0,31.5,0.0025,0.0025,0.0
1980-01-21,36.0,23.0,29.5,0.0,0.0,0.0
1980-01-22,38.0,22.0,30.0,0.0025,0.0025,0.025
1980-01-23,36.0,17.0,26.5,0.01,0.3,0.025
1980-01-24,18.0,6.0,12.0,0.04,0.5,1.0
1980-01-25,37.0,18.0,27.5,0.06,1.0,2.0
1980-01-26,30.0,16.0,23.0,0.02,0.2,2.0
1980-01-27,35.0,6.0,20.5,0.0,0.0,2.0
1980-01-28,30.0,18.0,24.0,0.0025,0.0025,1.0
1980-01-29,22.0,14.0,18.0,0.01,0.1,1.0
1980-01-30,23.0,4.0,13.5,0.0025,0.0025,1.0
1980-01-31,22.0,12.0,17.0,0.02,0.2,0.025
1980-02-01,20.0,8.0,14.0,0.0025,0.0025,0.025
1980-02-02,19.0,5.0,12.0,0.0025,0.0025,0.025
1982-01-01,42.0,30.0,36.0,0.29,0.0,0.0
1982-01-02,37.0,16.0,26.5,0.0,0.0,0.0
1982-01-03,39.0,21.0,30.0,0.04,0.0,0.0
1982-01-04,53.0,32.0,42.5,0.46,0.0,0.0
1982-01-05,35.0,24.0,29.5,0.18,0.0025,0.025
1982-01-06,47.0,20.0,33.5,0.0,0.0,0.0
1982-01-07,40.0,24.0,32.0,0.2,0.0,0.0
1982-01-08,26.0,9.0,17.5,0.0025,0.0025,0.025
1982-01-09,26.0,7.0,16.5,0.07,1.0,1.0
1982-01-10,9.0,-8.0,0.5,0.18,3.0,4.0
1982-01-11,4.0,-11.0,-3.5,0.03,0.3,4.0
1982-01-12,15.0,2.0,8.5,0.02,0.2,4.0
1982-01-13,25.0,4.0,14.5,0.05,0.5,5.0
1982-01-14,25.0,18.0,21.5,0.1,2.0,6.0
1982-01-15,20.0,6.0,13.0,0.07,1.5,7.0
1982-01-16,33.0,1.0,17.0,0.23,3.5,9.0
1982-01-17,4.0,-17.0,-6.5,0.12,2.5,9.0
1982-01-18,20.0,-8.0,6.0,0.0025,0.0025,9.0
1982-01-19,35.0,,,0.0,0.0,9.0
1982-01-20,38.0,9.0,23.5,0.0025,0.0025,8.0
1982-01-21,34.0,21.0,27.5,0.06,1.0,6.0
1982-01-22,28.0,16.0,22.0,0.0025,,5.0
1982-01-23,48.0,20.0,34.0,1.34,4.0,8.0
1982-01-24,38.0,10.0,24.0,0.17,1.0,6.0
1982-01-25,16.0,3.0,9.5,0.01,0.3,6.0
1982-01-26,17.0,1.0,9.0,0.02,0.4,7.0
1982-01-27,32.0,-5.0,13.5,0.02,0.8,8.0
1982-01-28,47.0,14.0,30.5,0.0,0.0,8.0
1982-01-29,38.0,16.0,27.0,0.0025,0.0025,6.0
1982-01-30,37.0,22.0,29.5,0.7,0.0,5.0
1982-01-31,48.0,32.0,40.0,0.29,0.0,3.0
1982-02-01,52.0,22.0,37.0,0.37,0.0025,2.0
1982-02-02,39.0,16.0,27.5,0.0025,0.0025,2.0
1983-01-01,40.0,19.0,29.5,0.0,0.0,0.0
1983-01-02,35.0,21.0,28.0,0.0,0.0,0.0
1983-01-03,34.0,25.0,29.5,0.0,0.0,0.0
1983-01-04,38.0,12.0,25.0,0.0,0.0,0.0
1983-01-05,44.0,23.0,33.5,0.0,0.0,0.0
1983-01-06,35.0,24.0,29.5,0.0,0.0,0.0
1983-01-07,48.0,28.0,38.0,0.0025,0.0,0.0
1983-01-08,36.0,30.0,33.0,0.0,0.0,0.0
1983-01-09,40.0,22.0,31.0,0.0,0.0,0.0
1983-01-10,43.0,34.0,38.5,0.03,0.0,0.0
1983-01-11,,35.0,,0.13,0.0,0.0
1983-01-12,36.0,21.0,28.5,0.05,0.5,1.0
1983-01-13,29.0,19.0,24.0,0.0025,0.2,0.025
1983-01-14,44.0,21.0,32.5,0.0025,0.0025,0.025
1983-01-15,38.0,27.0,32.5,0.18,1.0,1.0
1983-01-16,39.0,17.0,28.0,0.11,1.0,2.0
1983-01-17,24.0,11.0,17.5,0.01,0.3,2.0
1983-01-18,18.0,8.0,13.0,0.03,0.5,2.0
1983-01-19,18.0,8.0,13.0,0.04,0.6,2.0
1983-01-20,30.0,-2.0,14.0,0.0025,0.0025,2.0
1983-01-21,30.0,11.0,20.5,0.0,0.0,2.0
1983-01-22,39.0,21.0,30.0,0.0,0.0,1.0
1983-01-23,39.0,32.0,35.5,0.43,0.0,0.025
1983-01-24,37.0,32.0,34.5,0.14,0.0,0.025
1983-01-25,35.0,32.0,33.5,0.0025,0.0025,0.025
1983-01-26,33.0,27.0,30.0,0.01,0.0025,0.025
1983-01-27,31.0,28.0,29.5,0.03,0.5,0.025
1983-01-28,42.0,20.0,31.0,0.0,0.0,0.025
1983-01-29,47.0,19.0,33.0,0.0,0.0,0.025
1983-01-30,45.0,31.0,38.0,0.02,0.0,0.025
1983-01-31,38.0,31.0,34.5,0.33,0.0,0.025
1983-02-01,44.0,24.0,34.0,0.0,0.0,0.0
1983-02-02,50.0,37.0,43.5,0.08,0.0,0.0
1984-01-01,30.0,14.0,22.0,0.0,0.0,0.025
1984-01-02,34.0,26.0,30.0,0.0025,0.0025,0.025
1984-01-03,33.0,28.0,30.5,0.02,0.5,1.0
1984-01-04,37.0,31.0,34.0,0.0,0.0,1.0
1984-01-05,35.0,31.0,33.0,0.0,0.0,0.025
1984-01-06,37.0,31.0,34.0,0.02,0.0025,0.025
1984-01-07,,16.0,,0.01,0.0025,0.025
1984-01-08,37.0,11.0,24.0,0.0,0.0,0.025
1984-01-09,38.0,15.0,26.5,0.03,0.5,1.0
1984-01-10,35.0,23.0,29.0,0.13,1.0,2.0
1984-01-11,23.0,1.0,12.0,0.34,3.5,5.0
1984-01-12,20.0,,,0.0,0.0,5.0
1984-01-13,28.0,13.0,20.5,0.0,0.0,4.0
1984-01-14,30.0,23.0,26.5,0.0025,0.0025,4.0
1984-01-15,28.0,6.0,17.0,0.02,0.0025,4.0
1984-01-16,26.0,-2.0,12.0,0.04,0.5,3.0
1984-01-17,27.0,17.0,22.0,0.05,0.5,3.0
1984-01-18,28.0,10.0,19.0,0.03,0.5,3.0
1984-01-19,25.0,-3.0,11.0,0.18,3.0,6.0
1984-01-20,14.0,-13.0,0.5,0.0025,0.0025,6.0
1984-01-21,5.0,-17.0,-6.0,0.0025,0.0025,6.0
1984-01-22,26.0,-19.0,3.5,0.0,0.0,6.0
1984-01-23,43.0,1.0,22.0,0.0,0.0,6.0
1984-01-24,44.0,31.0,37.5,0.41,0.0,4.0
1984-01-25,41.0,30.0,35.5,0.1,0.0,3.0
1984-01-26,49.0,23.0,36.0,0.0,0.0,1.0
1984-01-27,45.0,20.0,32.5,0.0,0.0,1.0
1984-01-28,33.0,10.0,21.5,0.0,0.0,0.025
1984-01-29,33.0,23.0,28.0,0.02,0.5,1.0
1984-01-30,33.0,27.0,30.0,0.12,1.5,2.0
1984-01-31,34.0,15.0,24.5,0.32,4.5,6.0
1984-02-01,30.0,12.0,21.0,0.02,1.0,6.0
1984-02-02,47.0,10.0,28.5,0.0,0.0,5.0
1985-01-01,70.0,43.0,56.5,0.0,0.0,0.0
1985-01-02,57.0,27.0,42.0,0.02,0.0,0.0
1985-01-03,33.0,24.0,28.5,0.0,0.0,0.0
1985-01-04,42.0,27.0,34.5,0.0,0.0,0.0
1985-01-05,35.0,28.0,31.5,0.08,0.0025,0.025
1985-01-06,35.0,22.0,28.5,0.0025,0.0025,0.025
1985-01-07,35.0,26.0,30.5,0.0,0.0,0.0
1985-01-08,33.0,14.0,23.5,0.13,1.5,2.0
1985-01-09,22.0,2.0,12.0,0.04,0.5,2.0
1985-01-10,24.0,4.0,14.0,0.0025,0.0025,2.0
1985-01-11,23.0,12.0,17.5,0.17,2.0,4.0
1985-01-12,24.0,10.0,17.0,0.08,1.0,5.0
1985-01-13,28.0,11.0,19.5,0.0025,0.0025,5.0
1985-01-14,34.0,16.0,25.0,0.0,0.0,4.0
1985-01-15,29.0,12.0,20.5,0.13,2.0,6.0
1985-01-16,23.0,6.0,14.5,0.0025,0.0025,6.0
1985-01-17,28.0,17.0,22.5,0.18,3.0,8.0
1985-01-18,28.0,19.0,23.5,0.08,1.0,9.0
1985-01-19,,11.0,,0.13,2.0,10.0
1985-01-20,11.0,-16.0,-2.5,0.08,1.0,10.0
1985-01-21,0.0,-20.0,-10.0,0.0,0.0,10.0
1985-01-22,20.0,-1.0,9.5,0.09,1.0,11.0
1985-01-23,24.0,14.0,19.0,0.2,3.0,14.0
1985-01-24,32.0,13.0,22.5,0.15,2.0,16.0
1985-01-25,32.0,14.0,23.0,0.22,3.0,18.0
1985-01-26,19.0,10.0,14.5,0.26,3.0,18.0
1985-01-27,25.0,9.0,17.0,0.0025,0.0025,18.0
1985-01-28,32.0,23.0,27.5,0.0025,0.0025,17.0
1985-01-29,29.0,14.0,21.5,0.0025,0.5,14.0
1985-01-30,35.0,10.0,22.5,0.0,0.0,12.0
1985-01-31,37.0,22.0,29.5,0.1,1.0,10.0
1985-02-01,35.0,25.0,30.0,0.12,1.0,9.0
1985-02-02,27.0,18.0,22.5,0.28,4.0,13.0
1987-01-01,35.0,26.0,30.5,0.0025,0.0025,0.0
1987-01-02,32.0,28.0,30.0,0.39,8.0,8.0
1987-01-03,32.0,28.0,30.0,0.29,3.0,10.0
1987-01-04,32.0,16.0,24.0,0.0025,0.0025,8.0
1987-01-05,35.0,3.0,19.0,0.0,0.0,7.0
1987-01-06,43.0,11.0,27.0,0.0,0.0,5.0
1987-01-07,39.0,27.0,33.0,0.02,0.0,3.0
1987-01-08,34.0,29.0,31.5,0.0025,0.0025,3.0
1987-01-09,35.0,29.0,32.0,0.0025,0.0025,2.0
1987-01-10,38.0,32.0,35.0,0.01,0.3,2.0
1987-01-11,33.0,28.0,30.5,0.08,1.0,2.0
1987-01-12,31.0,27.0,29.0,0.0025,0.0025,2.0
1987-01-13,38.0,28.0,33.0,0.0025,0.5,2.0
1987-01-14,54.0,23.0,38.5,0.0,0.0,1.0
1987-01-15,48.0,36.0,42.0,0.08,0.0,0.025
1987-01-16,42.0,28.0,35.0,0.01,0.0,0.025
1987-01-17,36.0,20.0,28.0,0.0,0.0,0.0
1987-01-18,43.0,29.0,36.0,0.0,0.0,0.0
1987-01-19,38.0,33.0,35.5,0.06,0.0,0.0
1987-01-20,36.0,26.0,31.0,0.8,0.0025,0.025
1987-01-21,29.0,22.0,25.5,0.02,0.5,1.0
1987-01-22,26.0,21.0,23.5,0.0,0.0,1.0
1987-01-23,26.0,9.0,17.5,0.36,3.5,4.0
1987-01-24,10.0,-2.0,4.0,0.25,2.5,6.0
1987-01-25,22.0,-6.0,8.0,0.0,0.0,6.0
1987-01-26,26.0,3.0,14.5,0.0,0.0,6.0
1987-01-27,23.0,1.0,12.0,0.0,0.0,6.0
1987-01-28,24.0,-2.0,11.0,0.0,0.0,6.0
1987-01-29,34.0,23.0,28.5,0.02,0.5,6.0
1987-01-30,41.0,28.0,34.5,0.19,1.0,4.0
1987-01-31,33.0,26.0,29.5,0.23,1.0,4.0
1987-02-01,40.0,23.0,31.5,0.01,0.0025,4.0
1987-02-02,45.0,29.0,37.0,0.05,0.0,2.0
1988-01-01,,26.0,,0.2,0.0,0.025
1988-01-02,26.0,10.0,18.0,0.0,0.0,0.025
1988-01-03,33.0,10.0,21.5,0.0,0.0,0.0
1988-01-04,29.0,16.0,22.5,0.04,1.0,1.0
1988-01-05,16.0,2.0,9.0,0.0025,0.0025,1.0
1988-01-06,11.0,-1.0,5.0,0.0,0.0,1.0
1988-01-07,19.0,-4.0,7.5,0.0,0.0,1.0
1988-01-08,25.0,14.0,19.5,0.05,1.0,2.0
1988-01-09,25.0,8.0,16.5,0.02,0.5,3.0
1988-01-10,23.0,6.0,14.5,0.01,0.3,3.0
1988-01-11,31.0,-4.0,13.5,0.0,0.0,3.0
1988-01-12,47.0,11.0,29.0,0.0,0.0,2.0
1988-01-13,50.0,15.0,32.5,0.02,0.0025,0.025
1988-01-14,17.0,3.0,10.0,0.02,0.5,1.0
1988-01-15,31.0,5.0,18.0,0.0,0.0,0.025
1988-01-16,48.0,13.0,30.5,0.0,0.0,0.025
1988-01-17,54.0,28.0,41.0,0.0,0.0,0.025
1988-01-18,48.0,36.0,42.0,0.19,0.0,0.0
1988-01-19,47.0,28.0,37.5,0.06,0.0,0.0
1988-01-20,54.0,37.0,45.5,0.78,0.0,0.0
1988-01-21,43.0,29.0,36.0,0.0025,0.0,0.0
1988-01-22,30.0,23.0,26.5,0.0025,0.0025,0.025
1988-01-23,31.0,25.0,28.0,0.01,0.5,1.0
1988-01-24,47.0,24.0,35.5,0.0025,0.0025,0.025
1988-01-25,40.0,27.0,33.5,0.0025,0.0025,0.0
1988-01-26,30.0,6.0,18.0,0.17,3.0,3.0
1988-01-27,20.0,12.0,16.0,0.03,2.0,4.0
1988-01-28,24.0,2.0,13.0,0.0025,0.0025,4.0
1988-01-29,41.0,7.0,24.0,0.0025,0.0025,3.0
1988-01-30,59.0,30.0,44.5,0.0,0.0,2.0
1988-01-31,62.0,28.0,45.0,0.0,0.0,0.0
1988-02-01,58.0,42.0,50.0,0.05,0.0,0.0
1988-02-02,56.0,33.0,44.5,2.09,0.0,0.0
1989-01-01,36.0,26.0,31.0,0.0,0.0,0.025
1989-01-02,38.0,32.0,35.0,0.02,0.0,0.025
1989-01-03,36.0,23.0,29.5,0.0,0.0,0.0
1989-01-04,28.0,8.0,18.0,0.18,2.3,2.0
1989-01-05,35.0,4.0,19.5,0.0025,0.0025,2.0
1989-01-06,,,,0.05,0.5,1.0
1989-01-07,41.0,28.0,34.5,0.15,2.0,2.0
1989-01-08,57.0,37.0,47.0,0.3,0.0,0.025
1989-01-09,38.0,22.0,30.0,0.0,0.0,0.0
1989-01-10,44.0,16.0,30.0,0.0,0.0,0.0
1989-01-11,44.0,22.0,33.0,0.0,0.0,0.0
1989-01-12,52.0,33.0,42.5,0.27,0.0,0.0
1989-01-13,48.0,22.0,35.0,0.41,0.0,0.0
1989-01-14,38.0,14.0,26.0,0.0025,0.0025,0.0
1989-01-15,45.0,34.0,39.5,0.5,0.0,0.0
1989-01-16,40.0,27.0,33.5,0.0,0.0,0.0
1989-01-17,46.0,22.0,34.0,0.0025,0.0,0.0
1989-01-18,52.0,22.0,37.0,0.0,0.0,0.0
1989-01-19,45.0,31.0,38.0,0.0025,0.0,0.0
1989-01-20,42.0,26.0,34.0,0.0025,0.0,0.0
1989-01-21,26.0,14.0,20.0,0.12,0.0025,0.025
1989-01-22,45.0,13.0,29.0,0.0,0.0,0.0
1989-01-23,53.0,18.0,35.5,0.0,0.0,0.0
1989-01-24,52.0,22.0,37.0,0.0,0.0,0.0
1989-01-25,40.0,34.0,37.0,0.0025,0.0,0.0
1989-01-26,54.0,38.0,46.0,0.03,0.0,0.0
1989-01-27,44.0,31.0,37.5,0.53,0.0,0.0
1989-01-28,51.0,21.0,36.0,0.0,0.0,0.0
1989-01-29,48.0,26.0,37.0,0.0,0.0,0.0
1989-01-30,48.0,39.0,43.5,0.14,0.0,0.0
1989-01-31,56.0,37.0,46.5,0.0,0.0,0.0
1989-02-01,64.0,38.0,51.0,0.0,0.0,0.0
1989-02-02,55.0,35.0,45.0,0.0,0.0,0.0
1991-01-01,40.0,17.0,28.5,0.0025,0.0,0.0
1991-01-02,43.0,21.0,32.0,0.0,0.0,0.0
1991-01-03,31.0,25.0,28.0,,,
1991-01-04,31.0,17.0,24.0,0.0025,0.0025,0.025
1991-01-05,36.0,15.0,25.5,0.0,0.0,0.0
1991-01-06,36.0,32.0,34.0,0.43,0.0,0.0
1991-01-07,33.0,27.0,30.0,0.16,0.0025,0.025
1991-01-08,31.0,18.0,24.5,,,
1991-01-09,38.0,28.0,33.0,0.12,0.0025,0.025
1991-01-10,35.0,31.0,33.0,0.06,0.0,0.0
1991-01-11,34.0,28.0,31.0,0.27,2.0,2.0
1991-01-12,37.0,33.0,35.0,0.8,1.0,3.0
1991-01-13,37.0,22.0,29.5,0.07,0.0025,2.0
1991-01-14,41.0,25.0,33.0,0.01,0.0025,2.0
1991-01-15,51.0,25.0,38.0,0.0,0.0,2.0
1991-01-16,47.0,32.0,39.5,0.39,0.0,0.0
1991-01-17,46.0,31.0,38.5,0.4,0.0,0.0
1991-01-18,36.0,26.0,31.0,0.08,0.5,1.0
1991-01-19,44.0,27.0,35.5,0.0025,0.0,0.0
1991-01-20,39.0,35.0,37.0,,,
1991-01-21,38.0,12.0,25.0,0.34,2.0,2.0
1991-01-22,16.0,2.0,9.0,0.02,0.5,3.0
1991-01-23,31.0,5.0,18.0,0.0,0.0,3.0
1991-01-24,33.0,12.0,22.5,0.03,0.5,4.0
1991-01-25,21.0,3.0,12.0,0.0,0.0,4.0
1991-01-26,26.0,3.0,14.5,0.0,0.0,3.0
1991-01-27,37.0,10.0,23.5,0.05,0.5,3.0
1991-01-28,42.0,28.0,35.0,0.43,0.5,2.0
1991-01-29,48.0,18.0,33.0,0.0,0.0,2.0
1991-01-30,39.0,,,0.21,0.0,1.0
1991-01-31,36.0,18.0,27.0,0.15,1.0,1.0
1991-02-01,38.0,12.0,25.0,0.0,0.0,0.025
1991-02-02,52.0,24.0,38.0,0.0,0.0,0.025
1992-01-01,41.0,16.0,28.5,0.0,0.0,0.0
1992-01-02,48.0,19.0,33.5,0.0,0.0,0.0
1992-01-03,50.0,30.0,40.0,0.0,0.0,0.0
1992-01-04,52.0,33.0,42.5,0.0,0.0,0.0
1992-01-05,49.0,37.0,43.0,0.0025,0.0,0.0
1992-01-06,37.0,32.0,34.5,0.0,0.0,0.0
1992-01-07,35.0,32.0,33.5,0.0025,0.0025,0.0
1992-01-08,45.0,21.0,33.0,0.0,0.0,0.0
1992-01-09,47.0,31.0,39.0,0.2,0.0,0.0
1992-01-10,41.0,33.0,37.0,0.08,0.0,0.0
1992-01-11,33.0,29.0,31.0,0.15,1.0,0.025
1992-01-12,49.0,22.0,35.5,0.0025,0.0025,0.025
1992-01-13,54.0,36.0,45.0,0.0,0.0,0.0
1992-01-14,53.0,23.0,38.0,0.2,0.0,0.0
1992-01-15,25.0,11.0,18.0,0.06,0.5,0.025
1992-01-16,23.0,4.0,13.5,0.16,3.5,4.0
1992-01-17,27.0,2.0,14.5,0.01,0.0025,4.0
1992-01-18,26.0,10.0,18.0,0.04,1.0,5.0
1992-01-19,26.0,-7.0,9.5,0.0025,0.0025,5.0
1992-01-20,27.0,2.0,14.5,0.07,1.0,5.0
1992-01-21,39.0,12.0,25.5,0.03,1.0,6.0
1992-01-22,45.0,15.0,30.0,0.0,0.0,5.0
1992-01-23,43.0,35.0,39.0,0.16,0.0,3.0
1992-01-24,43.0,17.0,30.0,0.74,2.0,2.0
1992-01-25,24.0,7.0,15.5,0.03,0.5,3.0
1992-01-26,26.0,17.0,21.5,0.12,2.0,5.0
1992-01-27,40.0,8.0,24.0,0.0025,0.0025,5.0
1992-01-28,39.0,21.0,30.0,0.0,0.0,2.0
1992-01-29,33.0,29.0,31.0,0.0,0.0,2.0
1992-01-30,43.0,29.0,36.0,0.0,0.0,1.0
1992-01-31,36.0,31.0,33.5,0.03,0.0,0.0
1992-02-01,32.0,22.0,27.0,0.01,0.3,0.025
1992-02-02,32.0,13.0,22.5,0.0025,0.0025,0.025
1994-01-01,47.0,14.0,30.5,0.0025,0.0025,0.0
1994-01-02,40.0,30.0,35.0,0.05,,1.0
1994-01-03,34.0,29.0,31.5,0.0025,0.0025,1.0
1994-01-04,30.0,22.0,26.0,0.22,2.5,1.0
1994-01-05,23.0,6.0,14.5,1.52,21.0,21.0
1994-01-06,30.0,2.0,16.0,0.2,2.0,22.0
1994-01-07,34.0,30.0,32.0,0.3,1.0,15.0
1994-01-08,32.0,5.0,18.5,0.38,3.0,18.0
1994-01-09,18.0,6.0,12.0,0.11,1.0,19.0
1994-01-10,28.0,-9.0,9.5,0.0025,0.0025,19.0
1994-01-11,35.0,25.0,30.0,0.0,0.0,18.0
1994-01-12,36.0,31.0,33.5,0.23,1.5,18.0
1994-01-13,35.0,32.0,33.5,0.06,1.0,14.0
1994-01-14,33.0,9.0,21.0,0.16,1.0,10.0
1994-01-15,9.0,-6.0,1.5,0.05,1.0,11.0
1994-01-16,10.0,-12.0,-1.0,0.0025,0.0025,11.0
1994-01-17,32.0,9.0,20.5,0.33,3.5,15.0
1994-01-18,30.0,-7.0,11.5,0.4,9.0,20.0
1994-01-19,-6.0,-24.0,-15.0,0.03,0.5,20.0
1994-01-20,9.0,-10.0,-0.5,0.03,0.5,19.0
1994-01-21,14.0,-24.0,-5.0,0.0,0.0,18.0
1994-01-22,22.0,11.0,16.5,0.0025,0.0025,18.0
1994-01-23,39.0,10.0,24.5,0.03,0.5,16.0
1994-01-24,39.0,35.0,37.0,0.0025,0.0,15.0
1994-01-25,37.0,33.0,35.0,0.03,0.0,10.0
1994-01-26,36.0,21.0,28.5,0.42,0.0025,8.0
1994-01-27,29.0,23.0,26.0,0.0,0.0,6.0
1994-01-28,51.0,29.0,40.0,1.35,0.0,6.0
1994-01-29,43.0,26.0,34.5,0.06,0.0025,5.0
1994-01-30,29.0,22.0,25.5,0.05,1.0,5.0
1994-01-31,26.0,13.0,19.5,0.0,0.0,5.0
1994-02-01,23.0,8.0,15.5,0.08,1.0,6.0
1994-02-02,24.0,-4.0,10.0,0.0,0.0,6.0
1996-01-01,38.0,33.0,35.5,0.07,0.0,8.0
1996-01-02,35.0,33.0,34.0,0.02,,6.0
1996-01-03,38.0,17.0,27.5,0.62,1.0,6.0
1996-01-04,20.0,4.0,12.0,0.03,2.0,7.0
1996-01-05,21.0,9.0,15.0,0.01,0.5,7.0
1996-01-06,22.0,0.0,11.0,0.0,0.0,7.0
1996-01-07,17.0,12.0,14.5,0.27,3.0,10.0
1996-01-08,21.0,6.0,13.5,0.82,15.0,22.0
1996-01-09,22.0,8.0,15.0,0.0,0.0,22.0
1996-01-10,24.0,7.0,15.5,0.18,3.0,25.0
1996-01-11,23.0,-8.0,7.5,0.03,1.0,26.0
1996-01-12,24.0,19.0,21.5,0.04,0.5,26.0
1996-01-13,27.0,21.0,24.0,0.02,0.5,26.0
1996-01-14,49.0,27.0,38.0,0.01,0.0025,24.0
1996-01-15,35.0,22.0,28.5,0.0,0.0,12.0
1996-01-16,41.0,14.0,27.5,0.0,0.0,12.0
1996-01-17,44.0,35.0,39.5,0.06,0.0,9.0
1996-01-18,58.0,33.0,45.5,0.01,0.0,6.0
1996-01-19,53.0,13.0,33.0,1.6,0.0,0.025
1996-01-20,23.0,8.0,15.5,0.26,0.0025,0.0
1996-01-21,35.0,17.0,26.0,0.0025,0.0025,0.025
1996-01-22,46.0,17.0,31.5,0.0025,0.0025,0.025
1996-01-23,40.0,27.0,33.5,0.0,0.0,0.025
1996-01-24,49.0,28.0,38.5,0.68,0.0025,0.025
1996-01-25,28.0,17.0,22.5,0.3,2.0,2.0
1996-01-26,44.0,17.0,30.5,0.0025,0.0025,1.0
1996-01-27,52.0,25.0,38.5,0.22,0.0,0.025
1996-01-28,27.0,20.0,23.5,0.16,0.5,0.025
1996-01-29,40.0,21.0,30.5,0.0,0.0,0.025
1996-01-30,38.0,27.0,32.5,0.0,0.0,0.0
1996-01-31,27.0,8.0,17.5,0.14,1.5,2.0
1996-02-01,20.0,-3.0,8.5,0.0025,0.0025,1.0
1996-02-02,17.0,10.0,13.5,0.09,1.0,2.0
1997-01-01,35.0,26.0,30.5,0.0025,0.0,0.0
1997-01-02,51.0,35.0,43.0,0.05,0.0,0.0
1997-01-03,58.0,47.0,52.5,0.04,0.0,0.0
1997-01-04,71.0,48.0,59.5,0.08,0.0,0.0
1997-01-05,64.0,48.0,56.0,0.03,0.0,0.0
1997-01-06,48.0,23.0,35.5,0.17,0.0,0.0
1997-01-07,,21.0,,0.02,0.5,0.025
1997-01-08,29.0,17.0,23.0,0.01,0.0025,0.025
1997-01-09,31.0,21.0,26.0,0.0025,0.0025,0.025
1997-01-10,29.0,23.0,26.0,0.35,3.5,2.0
1997-01-11,24.0,7.0,15.5,0.03,1.0,3.0
1997-01-12,14.0,9.0,11.5,0.0025,0.0025,3.0
1997-01-13,14.0,1.0,7.5,0.0025,0.0025,3.0
1997-01-14,20.0,12.0,16.0,0.0025,0.0025,3.0
1997-01-15,45.0,4.0,24.5,0.0025,0.0025,3.0
1997-01-16,43.0,16.0,29.5,0.13,0.0,1.0
1997-01-17,16.0,-1.0,7.5,0.1,1.0,2.0
1997-01-18,9.0,2.0,5.5,0.0025,0.0025,2.0
1997-01-19,25.0,-7.0,9.0,0.02,0.5,2.0
1997-01-20,31.0,7.0,19.0,0.0025,,2.0
1997-01-21,44.0,11.0,27.5,0.02,0.5,2.0
1997-01-22,52.0,33.0,42.5,0.04,0.0,1.0
1997-01-23,45.0,30.0,37.5,0.18,0.0,0.025
1997-01-24,39.0,26.0,32.5,0.0025,0.0025,0.025
1997-01-25,51.0,25.0,38.0,0.44,0.0025,0.025
1997-01-26,26.0,14.0,20.0,0.06,1.0,1.0
1997-01-27,32.0,20.0,26.0,0.0,0.0,1.0
1997-01-28,47.0,20.0,33.5,0.73,1.0,1.0
1997-01-29,29.0,11.0,20.0,0.0025,0.0025,1.0
1997-01-30,40.0,18.0,29.0,0.0,0.0,1.0
1997-01-31,44.0,26.0,35.0,0.0,0.0,0.025
1997-02-01,46.0,30.0,38.0,0.09,0.0,0.0
1997-02-02,49.0,30.0,39.5,0.0025,0.0,0.0
1998-01-01,32.0,1.0,16.5,0.01,0.0,6.0
1998-01-02,46.0,24.0,35.0,0.0,0.0,4.0
1998-01-03,56.0,35.0,45.5,0.0025,0.0,1.0
1998-01-04,54.0,42.0,48.0,0.04,0.0,0.0
1998-01-05,66.0,32.0,49.0,0.0025,0.0,0.0
1998-01-06,57.0,46.0,51.5,0.3,0.0,0.0
1998-01-07,64.0,44.0,54.0,0.08,0.0,0.0
1998-01-08,66.0,51.0,58.5,1.23,0.0,0.0
1998-01-09,,37.0,,0.42,0.0,0.0
1998-01-10,40.0,33.0,36.5,0.16,0.0,0.0
1998-01-11,40.0,26.0,33.0,0.0,0.0,0.0
1998-01-12,40.0,20.0,30.0,0.0,0.0,0.0
1998-01-13,48.0,25.0,36.5,0.1,0.0,0.0
1998-01-14,34.0,14.0,24.0,0.16,0.0025,0.025
1998-01-15,37.0,25.0,31.0,0.0,0.0,0.0
1998-01-16,38.0,34.0,36.0,0.17,0.0,0.0
1998-01-17,36.0,32.0,34.0,0.02,0.0025,0.025
1998-01-18,32.0,28.0,30.0,0.2,0.5,1.0
1998-01-19,34.0,23.0,28.5,0.05,0.0025,1.0
1998-01-20,31.0,25.0,28.0,0.01,0.5,1.0
1998-01-21,30.0,15.0,22.5,0.0,0.0,1.0
1998-01-22,41.0,25.0,33.0,0.0,0.0,1.0
1998-01-23,39.0,33.0,36.0,0.39,0.0,0.025
1998-01-24,38.0,31.0,34.5,0.43,0.0,0.0
1998-01-25,31.0,27.0,29.0,0.03,0.0025,0.025
1998-01-26,45.0,28.0,36.5,0.0,0.0,0.0
1998-01-27,39.0,31.0,35.0,0.0,0.0,0.0
1998-01-28,41.0,31.0,36.0,0.1,0.0025,0.0
1998-01-29,55.0,31.0,43.0,0.0,0.0,0.0
1998-01-30,44.0,30.0,37.0,0.04,0.0025,0.0
1998-01-31,33.0,26.0,29.5,0.02,0.0025,0.025
1998-02-01,51.0,19.0,35.0,0.0,0.0,0.0
1998-02-02,53.0,29.0,41.0,0.0,0.0,0.0
1999-01-01,20.0,10.0,15.0,0.05,1.5,2.0
1999-01-02,20.0,5.0,12.5,0.0,0.0,1.0
1999-01-03,37.0,20.0,28.5,1.38,5.0,3.0
1999-01-04,21.0,11.0,16.0,0.0,0.0025,3.0
1999-01-05,11.0,2.0,6.5,0.0025,0.0025,3.0
1999-01-06,28.0,-3.0,12.5,0.0,0.0,3.0
1999-01-07,30.0,4.0,17.0,0.25,4.0,7.0
1999-01-08,34.0,2.0,18.0,0.08,1.0,8.0
1999-01-09,44.0,17.0,30.5,1.12,2.0,9.0
1999-01-10,20.0,4.0,12.0,0.16,2.5,11.0
1999-01-11,22.0,6.0,14.0,0.04,1.0,12.0
1999-01-12,43.0,21.0,32.0,0.16,1.5,8.0
1999-01-13,44.0,24.0,34.0,0.12,0.0,4.0
1999-01-14,45.0,19.0,32.0,0.79,1.5,4.0
1999-01-15,33.0,17.0,25.0,0.75,2.0,4.0
1999-01-16,44.0,17.0,30.5,0.03,0.5,5.0
1999-01-17,55.0,25.0,40.0,0.0,0.0,3.0
1999-01-18,49.0,33.0,41.0,0.08,0.0,2.0
1999-01-19,41.0,33.0,37.0,0.28,0.5,2.0
1999-01-20,42.0,32.0,37.0,0.0,0.0,2.0
1999-01-21,41.0,27.0,34.0,0.0,0.0,2.0
1999-01-22,54.0,33.0,43.5,0.3,0.0,2.0
1999-01-23,63.0,44.0,53.5,0.0,0.0,2.0
1999-01-24,55.0,35.0,45.0,0.81,0.0,0.025
1999-01-25,35.0,33.0,34.0,0.0,0.0,0.0
1999-01-26,42.0,28.0,35.0,0.0025,0.0025,0.0
1999-01-27,61.0,23.0,42.0,0.0,0.0,0.0
1999-01-28,55.0,40.0,47.5,0.0,0.0,0.0
1999-01-29,40.0,27.0,33.5,0.0,0.0,0.0
1999-01-30,42.0,19.0,30.5,0.0,0.0,0.0
1999-01-31,43.0,20.0,31.5,0.0,0.0,0.0
1999-02-01,46.0,23.0,34.5,0.0,0.0,0.0
1999-02-02,49.0,39.0,44.0,0.33,0.0,0.0
2000-01-01,68.0,20.0,44.0,0.0,0.0,0.0
2000-01-02,64.0,36.0,50.0,0.02,0.0,0.0
2000-01-03,64.0,48.0,56.0,0.1,0.0,0.0
2000-01-04,62.0,36.0,49.0,0.25,0.0,0.0
2000-01-05,36.0,28.0,32.0,0.12,0.0025,0.0
2000-01-06,57.0,22.0,39.5,0.0025,0.0,0.0
2000-01-07,56.0,22.0,39.0,0.0,0.0,0.0
2000-01-08,45.0,23.0,34.0,0.0025,0.0025,0.0
2000-01-09,48.0,32.0,40.0,0.0025,0.0,0.0
2000-01-10,55.0,35.0,45.0,0.08,0.0,0.0
2000-01-11,47.0,34.0,40.5,0.14,0.0,0.0
2000-01-12,58.0,32.0,45.0,0.0025,0.0025,0.0
2000-01-13,44.0,23.0,33.5,0.07,0.0,0.0
2000-01-14,24.0,8.0,16.0,0.01,0.2,0.025
2000-01-15,34.0,12.0,23.0,0.02,0.4,0.025
2000-01-16,46.0,25.0,35.5,0.0025,0.0,0.025
2000-01-17,37.0,4.0,20.5,0.0,0.0,0.0
2000-01-18,27.0,11.0,19.0,0.0,0.0,0.0
2000-01-19,30.0,23.0,26.5,0.03,0.5,1.0
2000-01-20,28.0,22.0,25.0,0.18,3.0,2.0
2000-01-21,,4.0,,0.12,1.5,4.0
2000-01-22,22.0,3.0,12.5,0.0025,0.0025,4.0
2000-01-23,33.0,14.0,23.5,0.01,0.1,4.0
2000-01-24,48.0,22.0,35.0,0.0,0.0,4.0
2000-01-25,26.0,12.0,19.0,0.0,0.0,2.0
2000-01-26,24.0,15.0,19.5,0.03,0.5,3.0
2000-01-27,28.0,6.0,17.0,0.0025,0.0025,3.0
2000-01-28,40.0,11.0,25.5,0.0025,0.2,3.0
2000-01-29,32.0,8.0,20.0,0.0,0.0,2.0
2000-01-30,32.0,22.0,27.0,0.05,0.5,2.0
2000-01-31,32.0,21.0,26.5,0.23,3.0,4.0
2000-02-01,30.0,23.0,26.5,0.02,0.5,4.0
2000-02-02,36.0,11.0,23.5,0.07,1.5,5.0
2001-01-01,,,,0.0025,0.5,4.0
2001-01-02,,,,0.02,0.5,5.0
2001-01-03,,,,0.0025,0.2,5.0
2001-01-04,,,,0.02,0.5,5.0
2001-01-05,,,,0.12,2.0,7.0
2001-01-06,,,,0.19,3.5,8.0
2001-01-07,,,,0.0,0.0,8.0
2001-01-08,,,,0.0,0.0,7.0
2001-01-09,,,,0.06,1.0,6.0
2001-01-10,,,,0.0025,0.0025,5.0
2001-01-11,,,,0.0,0.0,4.0
2001-01-12,,,,0.0,0.0,4.0
2001-01-13,,,,0.0,0.0,4.0
2001-01-14,,,,0.0,0.0,3.0
2001-01-15,,,,0.02,0.0,3.0
2001-01-16,,,,0.02,0.0025,2.0
2001-01-17,,,,0.0025,0.0025,2.0
2001-01-18,,,,0.0025,0.0025,1.0
2001-01-19,,,,0.06,0.0,1.0
2001-01-20,,,,0.0025,0.0025,1.0
2001-01-21,,,,0.55,5.5,6.0
2001-01-22,,,,0.0025,0.0025,4.0
2001-01-23,,,,0.0025,0.0025,3.0
2001-01-24,,,,0.0,0.0,3.0
2001-01-25,,,,0.0025,0.0025,3.0
2001-01-26,,,,0.0,0.0,3.0
2001-01-27,,,,0.17,1.0,4.0
2001-01-28,,,,0.02,0.0025,4.0
2001-01-29,,,,0.0,0.0,3.0
2001-01-30,,,,0.26,0.0,2.0
2001-01-31,,,,0.78,0.0,1.0
2001-02-01,38.0,33.0,35.5,0.07,0.2,0.025
2001-02-02,35.0,20.0,27.5,0.0025,0.0025,0.0
2002-01-01,24.0,7.0,15.5,0.02,0.5,3.0
2002-01-02,29.0,12.0,20.5,0.0025,0.0025,3.0
2002-01-03,31.0,6.0,18.5,0.0025,0.0025,3.0
2002-01-04,31.0,17.0,24.0,0.0,0.0,2.0
2002-01-05,40.0,19.0,29.5,0.0,0.0,2.0
2002-01-06,35.0,27.0,31.0,0.0,0.0,1.0
2002-01-07,34.0,24.0,29.0,0.65,8.0,8.0
2002-01-08,28.0,18.0,23.0,0.06,1.0,9.0
2002-01-09,43.0,18.0,30.5,0.01,0.5,8.0
2002-01-10,51.0,36.0,43.5,0.0025,0.0,4.0
2002-01-11,40.0,36.0,38.0,0.18,0.0,2.0
2002-01-12,57.0,32.0,44.5,0.0025,0.0,1.0
2002-01-13,44.0,32.0,38.0,0.01,0.0025,0.025
2002-01-14,47.0,26.0,36.5,0.0025,0.0025,0.025
2002-01-15,45.0,32.0,38.5,0.0025,0.0025,0.025
2002-01-16,38.0,31.0,34.5,0.01,0.5,0.025
2002-01-17,38.0,30.0,34.0,0.04,0.5,0.025
2002-01-18,35.0,24.0,29.5,0.0025,0.0025,0.025
2002-01-19,32.0,23.0,27.5,0.0025,0.0025,0.0
2002-01-20,34.0,22.0,28.0,0.17,2.0,2.0
2002-01-21,38.0,25.0,31.5,0.1,1.0,3.0
2002-01-22,45.0,29.0,37.0,0.12,1.0,1.0
2002-01-23,48.0,30.0,39.0,0.0,0.0,0.025
2002-01-24,52.0,36.0,44.0,0.03,0.0,0.0
2002-01-25,56.0,30.0,43.0,0.25,0.0,0.0
2002-01-26,60.0,28.0,44.0,0.0,0.0,0.0
2002-01-27,70.0,28.0,49.0,0.0,0.0,0.0
2002-01-28,70.0,29.0,49.5,0.0,0.0,0.0
2002-01-29,64.0,37.0,50.5,0.0,0.0,0.0
2002-01-30,56.0,46.0,51.0,0.33,0.0,0.0
2002-01-31,63.0,45.0,54.0,0.43,0.0,0.0
2002-02-01,62.0,35.0,48.5,0.05,0.0,0.0
2002-02-02,40.0,26.0,33.0,0.08,0.0025,0.0
2003-01-01,45.0,,,0.28,0.0,0.0
2003-01-02,45.0,32.0,38.5,0.99,0.0,0.0
2003-01-03,38.0,32.0,35.0,0.29,,0.0
2003-01-04,32.0,25.0,28.5,0.18,0.5,0.025
2003-01-05,32.0,25.0,28.5,0.03,0.5,1.0
2003-01-06,30.0,27.0,28.5,0.12,1.5,2.0
2003-01-07,30.0,15.0,22.5,0.11,1.5,4.0
2003-01-08,38.0,27.0,32.5,0.0025,0.0025,3.0
2003-01-09,49.0,27.0,38.0,0.0,0.0,0.025
2003-01-10,43.0,25.0,34.0,0.01,0.0025,0.025
2003-01-11,26.0,17.0,21.5,0.05,0.5,1.0
2003-01-12,26.0,15.0,20.5,0.0025,0.0025,0.025
2003-01-13,30.0,16.0,23.0,0.0,0.0,0.025
2003-01-14,23.0,10.0,16.5,0.0025,0.0025,0.025
2003-01-15,20.0,14.0,17.0,0.05,0.5,1.0
2003-01-16,20.0,2.0,11.0,0.03,0.3,1.0
2003-01-17,22.0,10.0,16.0,0.06,0.6,2.0
2003-01-18,20.0,-3.0,8.5,0.02,0.2,2.0
2003-01-19,20.0,6.0,13.0,0.02,0.2,2.0
2003-01-20,25.0,16.0,20.5,0.12,5.0,7.0
2003-01-21,19.0,7.0,13.0,0.0025,0.0025,4.0
2003-01-22,13.0,-7.0,3.0,0.0025,0.0025,4.0
2003-01-23,11.0,-9.0,1.0,0.0025,0.0025,4.0
2003-01-24,20.0,8.0,14.0,0.02,0.5,4.0
2003-01-25,22.0,14.0,18.0,0.0025,0.0025,4.0
2003-01-26,26.0,15.0,20.5,0.0,0.0,3.0
2003-01-27,15.0,-9.0,3.0,0.07,1.5,4.0
2003-01-28,30.0,3.0,16.5,0.0,0.0,4.0
2003-01-29,33.0,26.0,29.5,0.18,3.5,6.0
2003-01-30,42.0,20.0,31.0,0.05,0.5,6.0
2003-01-31,39.0,20.0,29.5,0.0,0.0,4.0
2003-02-01,37.0,32.0,34.5,0.14,1.0,4.0
2003-02-02,36.0,29.0,32.5,0.03,0.0025,3.0
2004-01-01,45.0,23.0,34.0,0.0,0.0,0.0
2004-01-02,,34.0,,0.48,0.0,0.0
2004-01-03,60.0,44.0,52.0,0.04,0.0,0.0
2004-01-04,53.0,39.0,46.0,0.7,0.0,0.0
2004-01-05,50.0,31.0,40.5,2.4,0.0,0.0
2004-01-06,30.0,13.0,21.5,0.05,0.0025,0.025
2004-01-07,20.0,12.0,16.0,0.02,0.5,0.025
2004-01-08,25.0,15.0,20.0,0.0,0.0,0.0
2004-01-09,25.0,16.0,20.5,0.0025,0.0025,0.025
2004-01-10,17.0,-1.0,8.0,0.0,0.0,0.025
2004-01-11,30.0,5.0,17.5,0.0,0.0,0.025
2004-01-12,39.0,30.0,34.5,0.0025,0.0025,0.025
2004-01-13,34.0,24.0,29.0,0.0,0.0,0.0
2004-01-14,28.0,10.0,19.0,0.02,0.5,0.025
2004-01-15,30.0,8.0,19.0,0.25,3.0,3.0
2004-01-16,16.0,-4.0,6.0,0.02,0.5,3.0
2004-01-17,32.0,-1.0,15.5,0.0,0.0,2.0
2004-01-18,37.0,18.0,27.5,0.36,3.0,2.0
2004-01-19,19.0,15.0,17.0,0.05,0.5,2.0
2004-01-20,19.0,13.0,16.0,0.0025,1.0,2.0
2004-01-21,21.0,2.0,11.5,0.0,0.0,2.0
2004-01-22,31.0,12.0,21.5,0.0,0.0,2.0
2004-01-23,13.0,3.0,8.0,0.0025,0.2,2.0
2004-01-24,18.0,1.0,9.5,0.03,2.0,4.0
2004-01-25,19.0,-11.0,4.0,0.02,0.5,4.0
2004-01-26,25.0,13.0,19.0,0.5,5.3,9.0
2004-01-27,31.0,24.0,27.5,0.17,0.5,7.0
2004-01-28,24.0,16.0,20.0,0.53,9.0,15.0
2004-01-29,21.0,13.0,17.0,0.1,3.0,18.0
2004-01-30,14.0,10.0,12.0,0.06,2.0,19.0
2004-01-31,14.0,2.0,8.0,0.02,0.5,19.0
2004-02-01,,,,0.0025,0.0,18.0
2004-02-02,,,,0.0,0.0,17.0
2005-01-01,55.0,38.0,46.5,0.0025,0.0,0.0
2005-01-02,56.0,33.0,44.5,0.02,0.0,0.0
2005-01-03,56.0,,,0.2,0.0,0.0
2005-01-04,57.0,44.0,50.5,1.1,0.0,0.0
2005-01-05,44.0,36.0,40.0,0.34,0.0,0.0
2005-01-06,53.0,35.0,44.0,2.56,0.0,0.0
2005-01-07,40.0,29.0,34.5,0.63,0.0025,0.0
2005-01-08,50.0,34.0,42.0,0.53,0.0,0.0
2005-01-09,43.0,32.0,37.5,0.15,0.0,0.0
2005-01-10,44.0,30.0,37.0,0.0,0.0,0.0
2005-01-11,42.0,29.0,35.5,0.0025,0.0,0.0
2005-01-12,64.0,42.0,53.0,1.12,0.0,0.0
2005-01-13,70.0,48.0,59.0,0.0,0.0,0.0
2005-01-14,68.0,23.0,45.5,0.51,0.0025,0.0
2005-01-15,32.0,17.0,24.5,0.0025,0.0025,0.025
2005-01-16,28.0,23.0,25.5,0.0,0.0,0.0
2005-01-17,24.0,9.0,16.5,0.25,3.0,3.0
2005-01-18,15.0,-1.0,7.0,0.0025,0.0025,3.0
2005-01-19,28.0,5.0,16.5,0.0025,0.0025,3.0
2005-01-20,29.0,21.0,25.0,0.2,3.0,5.0
2005-01-21,21.0,2.0,11.5,0.0,0.0,5.0
2005-01-22,26.0,2.0,14.0,0.0025,0.0025,5.0
2005-01-23,19.0,5.0,12.0,0.42,4.0,8.0
2005-01-24,19.0,-8.0,5.5,0.0,0.0,7.0
2005-01-25,30.0,19.0,24.5,0.02,0.5,7.0
2005-01-26,42.0,24.0,33.0,0.0025,0.0025,6.0
2005-01-27,24.0,4.0,14.0,0.0,0.0,5.0
2005-01-28,33.0,-3.0,15.0,0.0,0.0,5.0
2005-01-29,38.0,11.0,24.5,0.0,0.0,5.0
2005-01-30,40.0,22.0,31.0,0.06,1.0,4.0
2005-01-31,42.0,11.0,26.5,0.0,0.0,3.0
2005-02-01,43.0,13.0,28.0,0.0,0.0,3.0
2005-02-02,47.0,13.0,30.0,0.0,0.0,2.0
2006-01-01,39.0,33.0,36.0,0.22,0.0,0.0
2006-01-02,43.0,33.0,38.0,0.0,0.0,0.0
2006-01-03,41.0,38.0,39.5,0.83,0.0,0.0
2006-01-04,51.0,38.0,44.5,0.02,0.0,0.0
2006-01-05,45.0,33.0,39.0,0.05,0.0,0.0
2006-01-06,35.0,22.0,28.5,0.14,0.5,0.025
2006-01-07,31.0,20.0,25.5,0.02,0.5,1.0
2006-01-08,44.0,31.0,37.5,0.0025,0.0025,0.025
2006-01-09,57.0,39.0,48.0,0.0,0.0,0.0
2006-01-10,48.0,35.0,41.5,0.0,0.0,0.0
2006-01-11,62.0,44.0,53.0,0.0,0.0,0.0
2006-01-12,57.0,31.0,44.0,0.04,0.0,0.0
2006-01-13,69.0,29.0,49.0,0.0,0.0,0.0
2006-01-14,51.0,25.0,38.0,0.8,0.0,0.0
2006-01-15,32.0,19.0,25.5,0.25,1.0,0.025
2006-01-16,42.0,20.0,31.0,0.0,0.0,0.0
2006-01-17,43.0,31.0,37.0,0.0,0.0,0.0
2006-01-18,49.0,28.0,38.5,0.78,0.0,0.0
2006-01-19,55.0,24.0,39.5,0.01,0.0025,0.0
2006-01-20,58.0,37.0,47.5,0.0,0.0,0.0
2006-01-21,55.0,33.0,44.0,0.0025,0.0,0.0
2006-01-22,43.0,21.0,32.0,0.0,0.0,0.0
2006-01-23,40.0,29.0,34.5,0.37,0.0,0.0
2006-01-24,43.0,23.0,33.0,0.12,0.0,0.0
2006-01-25,35.0,27.0,31.0,0.19,1.0,1.0
2006-01-26,29.0,21.0,25.0,0.04,1.0,1.0
2006-01-27,41.0,13.0,27.0,0.0025,0.0025,0.025
2006-01-28,54.0,24.0,39.0,0.0,0.0,0.0
2006-01-29,55.0,29.0,42.0,0.0025,0.0,0.0
2006-01-30,53.0,31.0,42.0,0.25,0.0,0.0
2006-01-31,43.0,32.0,37.5,0.02,0.0,0.0
2006-02-01,40.0,31.0,35.5,0.03,0.0025,0.0
2006-02-02,54.0,29.0,41.5,0.0,0.0,0.0
2007-01-01,54.0,35.0,44.5,0.27,0.0,0.0
2007-01-02,42.0,28.0,35.0,0.03,0.0,0.0
2007-01-03,50.0,24.0,37.0,0.0,0.0,0.0
2007-01-04,56.0,26.0,41.0,0.0,0.0,0.0
2007-01-05,61.0,41.0,51.0,0.16,0.0,0.0
2007-01-06,60.0,47.0,53.5,1.07,0.0,0.0
2007-01-07,47.0,29.0,38.0,0.08,0.0,0.0
2007-01-08,50.0,33.0,41.5,0.53,0.0,0.0
2007-01-09,37.0,29.0,33.0,0.01,0.0025,0.025
2007-01-10,31.0,22.0,26.5,0.05,1.0,1.0
2007-01-11,47.0,16.0,31.5,0.01,0.0025,0.025
2007-01-12,49.0,35.0,42.0,0.05,0.0,0.0
2007-01-13,53.0,47.0,50.0,0.35,0.0,0.0
2007-01-14,51.0,46.0,48.5,0.4,0.0,0.0
2007-01-15,57.0,46.0,51.5,0.6,0.0,0.0
2007-01-16,49.0,23.0,36.0,0.92,0.0,0.0
2007-01-17,28.0,14.0,21.0,0.02,1.0,1.0
2007-01-18,40.0,18.0,29.0,0.0,0.0,0.0
2007-01-19,36.0,26.0,31.0,0.04,0.0025,0.025
2007-01-20,27.0,18.0,22.5,0.04,1.5,1.0
2007-01-21,25.0,11.0,18.0,0.0025,0.0025,1.0
2007-01-22,33.0,24.0,28.5,0.07,1.0,2.0
2007-01-23,31.0,24.0,27.5,0.04,0.5,2.0
2007-01-24,32.0,27.0,29.5,0.01,0.0025,2.0
2007-01-25,29.0,15.0,22.0,0.14,2.0,4.0
2007-01-26,20.0,4.0,12.0,0.05,1.0,5.0
2007-01-27,40.0,13.0,26.5,0.08,2.0,7.0
2007-01-28,37.0,20.0,28.5,0.01,0.0025,3.0
2007-01-29,20.0,11.0,15.5,0.08,2.0,5.0
2007-01-30,28.0,13.0,20.5,0.01,0.0025,4.0
2007-01-31,21.0,10.0,15.5,0.07,4.0,6.0
2007-02-01,31.0,14.0,22.5,0.0025,0.0025,4.0
2007-02-02,32.0,25.0,28.5,0.01,0.0025,4.0
2008-01-01,42.0,27.0,34.5,0.0025,0.0,0.0
2008-01-02,27.0,16.0,21.5,0.09,1.5,2.0
2008-01-03,21.0,6.0,13.5,0.0025,0.0025,1.0
2008-01-04,33.0,7.0,20.0,0.0025,0.0025,1.0
2008-01-05,42.0,20.0,31.0,0.0,0.0,1.0
2008-01-06,52.0,37.0,44.5,0.17,0.0,
2008-01-07,64.0,46.0,55.0,0.0025,0.0,
2008-01-08,69.0,45.0,57.0,0.0,0.0,0.0
2008-01-09,67.0,,,0.07,0.0,0.0
2008-01-10,51.0,27.0,39.0,0.0,0.0,0.0
2008-01-11,49.0,39.0,44.0,0.63,0.0,0.0
2008-01-12,45.0,32.0,38.5,0.3,0.0,0.0
2008-01-13,42.0,26.0,34.0,0.0,0.0,0.0
2008-01-14,38.0,28.0,33.0,0.14,0.2,0.025
2008-01-15,28.0,24.0,26.0,0.01,0.5,1.0
2008-01-16,30.0,23.0,26.5,0.01,0.5,1.0
2008-01-17,33.0,23.0,28.0,0.0025,0.0025,1.0
2008-01-18,39.0,24.0,31.5,0.0,0.0025,0.025
2008-01-19,28.0,18.0,23.0,0.0025,0.0025,0.0
2008-01-20,21.0,7.0,14.0,0.0,0.0,0.0
2008-01-21,23.0,5.0,14.0,0.0,0.0,0.0
2008-01-22,38.0,12.0,25.0,0.08,1.0,1.0
2008-01-23,34.0,15.0,24.5,0.0,0.0,0.025
2008-01-24,25.0,13.0,19.0,0.0,0.0,0.025
2008-01-25,23.0,2.0,12.5,0.05,1.0,1.0
2008-01-26,30.0,9.0,19.5,0.0,0.0,1.0
2008-01-27,31.0,25.0,28.0,0.03,0.5,1.0
2008-01-28,39.0,21.0,30.0,0.05,0.5,1.0
2008-01-29,43.0,25.0,34.0,0.1,0.0,1.0
2008-01-30,54.0,22.0,38.0,0.52,0.0025,0.0
2008-01-31,37.0,13.0,25.0,0.0025,0.0025,0.0
2008-02-01,37.0,13.0,25.0,0.41,0.3,0.025
2008-02-02,37.0,28.0,32.5,0.78,0.0025,0.025
2009-01-01,33.0,17.0,25.0,0.0025,0.0025,0.0
2009-01-02,40.0,18.0,29.0,0.02,0.0025,0.025
2009-01-03,41.0,19.0,30.0,0.0025,0.0025,0.025
2009-01-04,33.0,19.0,26.0,0.0,0.0,0.025
2009-01-05,44.0,25.0,34.5,0.1,0.0,0.0
2009-01-06,37.0,25.0,31.0,0.0,0.0,0.0
2009-01-07,37.0,27.0,32.0,0.88,0.0025,0.0
2009-01-08,43.0,26.0,34.5,0.55,1.0,1.0
2009-01-09,26.0,20.0,23.0,0.02,1.0,2.0
2009-01-10,27.0,20.0,23.5,0.1,1.0,3.0
2009-01-11,35.0,24.0,29.5,0.33,2.0,3.0
2009-01-12,25.0,20.0,22.5,0.03,0.5,4.0
2009-01-13,29.0,21.0,25.0,0.0,0.0,3.0
2009-01-14,38.0,8.0,23.0,0.04,1.0,3.0
2009-01-15,18.0,4.0,11.0,0.12,3.0,6.0
2009-01-16,14.0,-3.0,5.5,0.01,0.5,6.0
2009-01-17,6.0,-12.0,-3.0,0.0025,0.0025,6.0
2009-01-18,26.0,-13.0,6.5,0.28,5.0,10.0
2009-01-19,30.0,12.0,21.0,0.07,2.0,11.0
2009-01-20,19.0,8.0,13.5,0.02,1.0,11.0
2009-01-21,21.0,5.0,13.0,0.0025,0.5,11.0
2009-01-22,20.0,5.0,12.5,0.0,0.0,11.0
2009-01-23,36.0,13.0,24.5,0.0,0.0,8.0
2009-01-24,49.0,17.0,33.0,0.0025,0.0025,4.0
2009-01-25,26.0,2.0,14.0,0.0,0.0,4.0
2009-01-26,17.0,1.0,9.0,0.02,0.5,5.0
2009-01-27,21.0,8.0,14.5,0.0,0.0,5.0
2009-01-28,32.0,9.0,20.5,0.34,1.5,6.0
2009-01-29,37.0,18.0,27.5,0.64,0.5,6.0
2009-01-30,27.0,18.0,22.5,0.02,0.5,6.0
2009-01-31,25.0,9.0,17.0,0.12,3.5,9.0
2009-02-01,34.0,9.0,21.5,0.0,0.0,9.0
2009-02-02,46.0,27.0,36.5,0.0,0.0,6.0
2010-01-01,36.0,30.0,33.0,0.15,0.0,1.0
2010-01-02,32.0,15.0,23.5,0.04,0.5,1.0
2010-01-03,17.0,8.0,12.5,0.0,0.0,1.0
2010-01-04,18.0,8.0,13.0,0.04,3.0,4.0
2010-01-05,22.0,16.0,19.0,0.05,1.0,5.0
2010-01-06,23.0,19.0,21.0,0.15,3.0,7.0
2010-01-07,26.0,22.0,24.0,0.06,1.0,6.0
2010-01-08,24.0,21.0,22.5,0.15,3.0,8.0
2010-01-09,21.0,12.0,16.5,0.03,2.0,8.0
2010-01-10,25.0,-6.0,9.5,0.0025,0.0025,7.0
2010-01-11,19.0,-3.0,8.0,0.0025,0.0025,6.0
2010-01-12,23.0,7.0,15.0,0.02,1.0,7.0
2010-01-13,25.0,19.0,22.0,0.0025,0.0025,7.0
2010-01-14,30.0,15.0,22.5,0.0,0.0,7.0
2010-01-15,42.0,14.0,28.0,0.0,0.0,5.0
2010-01-16,42.0,33.0,37.5,0.0,0.0,3.0
2010-01-17,46.0,29.0,37.5,0.0,0.0,2.0
2010-01-18,40.0,32.0,36.0,0.7,0.0,1.0
2010-01-19,42.0,34.0,38.0,0.0025,0.0,1.0
2010-01-20,35.0,27.0,31.0,0.0,0.0,0.0
2010-01-21,33.0,19.0,26.0,0.0,0.0,0.0
2010-01-22,41.0,24.0,32.5,0.0025,0.0,0.025
2010-01-23,38.0,28.0,33.0,0.01,0.0,0.0
2010-01-24,46.0,26.0,36.0,0.0,0.0,0.0
2010-01-25,52.0,37.0,44.5,1.14,0.0,0.0
2010-01-26,51.0,29.0,40.0,0.15,0.2,0.025
2010-01-27,31.0,24.0,27.5,0.01,0.0025,0.025
2010-01-28,31.0,24.0,27.5,0.05,1.0,1.0
2010-01-29,32.0,1.0,16.5,0.0,0.0,1.0
2010-01-30,15.0,1.0,8.0,0.0,0.0,1.0
2010-01-31,19.0,-1.0,9.0,0.0,0.0,1.0
2010-02-01,26.0,-1.0,12.5,0.0,0.0,1.0
2010-02-02,29.0,12.0,20.5,0.0,0.0,1.0
2011-01-01,44.0,32.0,38.0,0.0,0.0,0.0
2011-01-02,52.0,29.0,40.5,0.35,0.0,0.0
2011-01-03,34.0,14.0,24.0,0.0,0.0,0.0
2011-01-04,33.0,14.0,23.5,0.0,0.0,0.0
2011-01-05,39.0,18.0,28.5,0.0,0.0,0.0
2011-01-06,26.0,11.0,18.5,0.0025,0.0025,0.025
2011-01-07,29.0,11.0,20.0,0.13,3.0,3.0
2011-01-08,23.0,16.0,19.5,0.13,3.0,6.0
2011-01-09,20.0,14.0,17.0,0.03,1.0,7.0
2011-01-10,23.0,9.0,16.0,0.0025,0.0025,7.0
2011-01-11,23.0,3.0,13.0,0.0025,0.0025,4.0
2011-01-12,29.0,13.0,21.0,0.17,4.0,7.0
2011-01-13,22.0,19.0,20.5,0.04,1.5,7.0
2011-01-14,24.0,15.0,19.5,0.01,0.5,7.0
2011-01-15,24.0,12.0,18.0,0.0025,0.0025,6.0
2011-01-16,36.0,14.0,25.0,0.0025,0.0025,5.0
2011-01-17,24.0,8.0,16.0,0.0,0.0,4.0
2011-01-18,32.0,7.0,19.5,0.11,0.0025,4.0
2011-01-19,46.0,27.0,36.5,0.12,0.0,2.0
2011-01-20,33.0,21.0,27.0,0.0,0.0,2.0
2011-01-21,,19.0,,0.34,4.0,5.0
2011-01-22,19.0,-5.0,7.0,0.0025,0.0025,5.0
2011-01-23,18.0,-8.0,5.0,0.0025,0.0025,5.0
2011-01-24,17.0,-8.0,4.5,0.0,0.0,5.0
2011-01-25,29.0,-6.0,11.5,0.03,0.5,4.0
2011-01-26,35.0,26.0,30.5,0.0025,0.0025,3.0
2011-01-27,35.0,25.0,30.0,0.16,2.0,3.0
2011-01-28,28.0,21.0,24.5,0.05,1.0,4.0
2011-01-29,30.0,21.0,25.5,0.05,0.5,4.0
2011-01-30,32.0,24.0,28.0,0.08,1.0,4.0
2011-01-31,31.0,-1.0,15.0,0.0,0.0,4.0
2011-02-01,35.0,-1.0,17.0,0.12,0.0,3.0
2011-02-02,40.0,32.0,36.0,0.88,0.0,1.0
2013-01-01,34.0,21.0,27.5,0.06,1.0,
2013-01-02,32.0,19.0,25.5,0.04,,
2013-01-03,25.0,6.0,15.5,0.0,0.0,8.0
2013-01-04,31.0,4.0,17.5,0.0025,0.0025,8.0
2013-01-05,32.0,26.0,29.0,0.0,0.0,8.0
2013-01-06,36.0,25.0,30.5,0.0,0.0,7.0
2013-01-07,38.0,29.0,33.5,0.01,0.0025,5.0
2013-01-08,35.0,14.0,24.5,0.0,0.0,4.0
2013-01-09,43.0,14.0,28.5,0.0,0.0,3.0
2013-01-10,44.0,20.0,32.0,0.0,0.0,2.0
2013-01-11,44.0,24.0,34.0,0.0,0.0,1.0
2013-01-12,45.0,35.0,40.0,0.35,0.0,0.0
2013-01-13,61.0,39.0,50.0,0.02,,
2013-01-14,69.0,41.0,55.0,0.34,,
2013-01-15,41.0,24.0,32.5,0.0,0.0,0.0
2013-01-16,34.0,23.0,28.5,0.34,1.0,1.0
2013-01-17,35.0,31.0,33.0,0.0,0.0,0.0
2013-01-18,33.0,20.0,26.5,0.11,1.0,2.0
2013-01-19,37.0,16.0,26.5,0.0,0.0,1.0
2013-01-20,52.0,36.0,44.0,0.0,0.0,0.0
2013-01-21,44.0,20.0,32.0,0.0025,0.0025,0.025
2013-01-22,25.0,5.0,15.0,0.08,2.0,2.0
2013-01-23,11.0,0.0,5.5,0.0025,0.0025,2.0
2013-01-24,13.0,0.0,6.5,0.0025,0.0025,2.0
2013-01-25,20.0,5.0,12.5,0.01,0.0025,1.0
2013-01-26,18.0,10.0,14.0,0.2,3.0,4.0
2013-01-27,25.0,11.0,18.0,0.05,1.0,4.0
2013-01-28,36.0,9.0,22.5,0.24,0.0025,3.0
2013-01-29,48.0,32.0,40.0,0.44,0.0,0.0
2013-01-30,61.0,38.0,49.5,0.03,0.0,0.0
2013-01-31,69.0,30.0,49.5,0.98,0.5,0.025
2013-02-01,30.0,16.0,23.0,0.52,0.5,0.0
2013-02-02,18.0,10.0,14.0,0.0025,0.0025,0.025
2014-01-01,24.0,16.0,20.0,0.1,2.0,1.0
2014-01-02,32.0,21.0,26.5,0.0,0.0,0.025
2014-01-03,31.0,7.0,19.0,0.16,3.0,3.0
2014-01-04,13.0,2.0,7.5,0.0,0.0,3.0
2014-01-05,38.0,3.0,20.5,0.0,0.0,3.0
2014-01-06,49.0,14.0,31.5,0.19,1.0,1.0
2014-01-07,29.0,-10.0,9.5,0.0025,0.0025,1.0
2014-01-08,2.0,-10.0,-4.0,0.0,0.0,1.0
2014-01-09,21.0,-1.0,10.0,0.04,1.0,1.0
2014-01-10,34.0,13.0,23.5,0.02,0.5,1.0
2014-01-11,51.0,31.0,41.0,0.0,0.0,0.0
2014-01-12,54.0,33.0,43.5,0.47,0.0,0.0
2014-01-13,35.0,25.0,30.0,0.0025,0.0025,0.0
2014-01-14,55.0,25.0,40.0,0.48,0.0,0.0
2014-01-15,45.0,27.0,36.0,0.05,0.0025,0.0
2014-01-16,37.0,18.0,27.5,0.0,0.0,0.0
2014-01-17,34.0,17.0,25.5,0.01,0.2,0.025
2014-01-18,36.0,15.0,25.5,0.1,0.8,1.0
2014-01-19,19.0,9.0,14.0,0.05,1.1,2.0
2014-01-20,34.0,19.0,26.5,0.0,0.0,1.0
2014-01-21,36.0,19.0,27.5,0.02,0.2,1.0
2014-01-22,19.0,-9.0,5.0,0.11,4.0,3.0
2014-01-23,10.0,-9.0,0.5,0.01,0.4,2.0
2014-01-24,13.0,2.0,7.5,0.03,0.5,2.0
2014-01-25,21.0,2.0,11.5,0.03,1.0,3.0
2014-01-26,23.0,6.0,14.5,0.07,3.0,5.0
2014-01-27,43.0,7.0,25.0,0.0025,0.0025,3.0
2014-01-28,31.0,-9.0,11.0,0.04,1.0,4.0
2014-01-29,7.0,-13.0,-3.0,0.0,0.0,3.0
2014-01-30,15.0,-12.0,1.5,0.0,0.0,2.0
2014-01-31,35.0,-6.0,14.5,0.0,0.0,2.0
2014-02-01,38.0,29.0,33.5,0.0,0.0,1.0
2014-02-02,51.0,31.0,41.0,0.02,0.0,1.0
2015-01-01,24.0,19.0,21.5,0.0,0.0,0.0
2015-01-02,34.0,19.0,26.5,0.0,0.0,0.0
2015-01-03,37.0,21.0,29.0,0.0,0.0,0.0
2015-01-04,54.0,33.0,43.5,0.93,0.5,0.0
2015-01-05,62.0,23.0,42.5,0.03,0.5,0.025
2015-01-06,24.0,11.0,17.5,0.02,0.5,1.0
2015-01-07,19.0,12.0,15.5,0.04,1.0,1.0
2015-01-08,13.0,0.0,6.5,0.0025,0.0025,1.0
2015-01-09,22.0,0.0,11.0,0.1,2.0,2.0
2015-01-10,22.0,-1.0,10.5,0.0025,0.0025,2.0
2015-01-11,22.0,-1.0,10.5,0.0,0.0,2.0
2015-01-12,40.0,11.0,25.5,0.16,1.0,2.0
2015-01-13,37.0,11.0,24.0,0.18,,
2015-01-14,29.0,12.0,20.5,0.0,0.0,0.025
2015-01-15,29.0,14.0,21.5,0.0,0.0,0.025
2015-01-16,30.0,14.0,22.0,0.0,0.0,0.025
2015-01-17,33.0,11.0,22.0,0.0,0.0,0.025
2015-01-18,45.0,12.0,28.5,0.0,0.0,0.025
2015-01-19,47.0,32.0,39.5,0.06,0.5,0.025
2015-01-20,35.0,27.0,31.0,0.0,0.0,0.025
2015-01-21,35.0,23.0,29.0,0.13,2.0,2.0
2015-01-22,35.0,27.0,31.0,0.27,2.5,2.0
2015-01-23,32.0,28.0,30.0,0.0025,0.0025,2.0
2015-01-24,32.0,28.0,30.0,0.23,3.0,4.0
2015-01-25,33.0,27.0,30.0,0.03,0.0,3.0
2015-01-26,34.0,26.0,30.0,0.3,3.0,5.0
2015-01-27,28.0,19.0,23.5,0.31,3.5,8.0
2015-01-28,23.0,0.0,11.5,0.05,1.0,9.0
2015-01-29,25.0,1.0,13.0,0.0025,0.0025,8.0
2015-01-30,39.0,12.0,25.5,0.4,3.5,10.0
2015-01-31,28.0,4.0,16.0,0.02,0.5,10.0
2015-02-01,25.0,1.0,13.0,0.0025,0.0025,9.0
2015-02-02,40.0,21.0,30.5,1.15,2.0,6.0
2017-01-01,42.0,22.0,32.0,0.05,0.0,0.0
2017-01-02,43.0,28.0,35.5,0.07,0.0,0.0
2017-01-03,45.0,28.0,36.5,0.0025,0.0,0.0
2017-01-04,46.0,40.0,43.0,0.65,0.0,0.0
2017-01-05,40.0,20.0,30.0,0.0025,0.0,0.0
2017-01-06,23.0,8.0,15.5,0.17,3.0,3.0
2017-01-07,16.0,3.0,9.5,0.0,0.0,2.0
2017-01-08,15.0,7.0,11.0,0.0025,0.0025,2.0
2017-01-09,16.0,2.0,9.0,0.0025,0.0025,2.0
2017-01-10,29.0,5.0,17.0,0.05,1.0,3.0
2017-01-11,51.0,25.0,38.0,0.15,0.0,0.0
2017-01-12,61.0,39.0,50.0,0.21,0.0,0.0
2017-01-13,65.0,34.0,49.5,0.62,0.0,0.0
2017-01-14,37.0,27.0,32.0,0.0,0.0,0.0
2017-01-15,36.0,24.0,30.0,0.03,0.0,0.0
2017-01-16,35.0,19.0,27.0,0.0,0.0,0.0
2017-01-17,43.0,19.0,31.0,0.03,0.0,0.0
2017-01-18,60.0,38.0,49.0,0.27,0.0,0.0
2017-01-19,47.0,37.0,42.0,0.03,0.0,0.0
2017-01-20,42.0,29.0,35.5,0.0025,0.0,0.0
2017-01-21,48.0,29.0,38.5,0.13,0.0,0.0
2017-01-22,65.0,38.0,51.5,0.0,0.0,0.0
2017-01-23,64.0,41.0,52.5,0.0,0.0,0.0
2017-01-24,47.0,32.0,39.5,1.08,1.0,0.025
2017-01-25,38.0,32.0,35.0,0.12,0.0025,0.0
2017-01-26,51.0,37.0,44.0,0.27,0.0,0.0
2017-01-27,41.0,29.0,35.0,0.16,1.0,0.025
2017-01-28,32.0,27.0,29.5,0.12,2.0,2.0
2017-01-29,33.0,26.0,29.5,0.0025,0.0025,2.0
2017-01-30,32.0,24.0,28.0,0.03,0.5,2.0
2017-01-31,27.0,17.0,22.0,0.12,2.0,4.0
2017-02-01,38.0,25.0,31.5,0.32,0.0,1.0
2017-02-02,37.0,30.0,33.5,0.08,0.0,0.0
2018-01-01,12.0,-10.0,1.0,0.0025,0.0025,6.0
2018-01-02,12.0,-11.0,0.5,0.0025,0.0025,4.0
2018-01-03,13.0,-5.0,4.0,0.0,0.0,4.0
2018-01-04,25.0,-6.0,9.5,0.0025,0.0025,4.0
2018-01-05,17.0,0.0,8.5,0.0025,0.0025,4.0
2018-01-06,8.0,-1.0,3.5,0.0025,0.0025,2.0
2018-01-07,8.0,-11.0,-1.5,0.0,0.0,2.0
2018-01-08,23.0,-11.0,6.0,0.0,0.0,2.0
2018-01-09,34.0,23.0,28.5,0.23,0.0,1.0
2018-01-10,37.0,19.0,28.0,0.0,0.0,1.0
2018-01-11,49.0,19.0,34.0,0.0,0.0,0.0
2018-01-12,60.0,35.0,47.5,0.47,0.0,0.0
2018-01-13,64.0,16.0,40.0,1.35,3.0,3.0
2018-01-14,18.0,3.0,10.5,0.0025,0.0025,3.0
2018-01-15,19.0,-1.0,9.0,0.0,0.0,3.0
2018-01-16,26.0,11.0,18.5,0.25,2.5,4.0
2018-01-17,29.0,4.0,16.5,0.15,1.5,5.0
2018-01-18,14.0,3.0,8.5,0.0,0.0,4.0
2018-01-19,25.0,7.0,16.0,0.0,0.0,4.0
2018-01-20,37.0,15.0,26.0,0.0,0.0,2.0
2018-01-21,45.0,26.0,35.5,0.0,0.0,2.0
2018-01-22,42.0,32.0,37.0,0.0025,0.0025,1.0
2018-01-23,58.0,36.0,47.0,0.16,0.0,0.0
2018-01-24,49.0,31.0,40.0,0.12,0.0025,0.0
2018-01-25,31.0,22.0,26.5,0.07,0.0025,0.0
2018-01-26,28.0,18.0,23.0,0.0,0.0,0.0
2018-01-27,53.0,18.0,35.5,0.0,0.0,0.0
2018-01-28,54.0,25.0,39.5,0.34,0.0,0.0
2018-01-29,49.0,23.0,36.0,0.0,0.0,0.0
2018-01-30,45.0,20.0,32.5,0.15,1.0,1.0
2018-01-31,20.0,8.0,14.0,0.0025,0.0025,1.0
2018-02-01,43.0,8.0,25.5,0.0,0.0,0.025
2018-02-02,46.0,15.0,30.5,0.2,0.5,1.0
2019-01-01,62.0,26.0,44.0,0.72,0.0,0.0
2019-01-02,51.0,34.0,42.5,0.04,0.0,0.0
2019-01-03,41.0,33.0,37.0,0.05,0.0,0.0
2019-01-04,34.0,25.0,29.5,0.0,0.0,0.0
2019-01-05,42.0,27.0,34.5,0.15,0.0,0.0
2019-01-06,49.0,32.0,40.5,0.05,0.0,0.0
2019-01-07,43.0,24.0,33.5,0.0,0.0,0.0
2019-01-08,43.0,30.0,36.5,0.03,0.0,0.0
2019-01-09,56.0,32.0,44.0,0.11,0.0025,0.0
2019-01-10,33.0,22.0,27.5,0.08,0.5,1.0
2019-01-11,24.0,20.0,22.0,0.03,0.5,1.0
2019-01-12,27.0,16.0,21.5,0.0,0.0,1.0
2019-01-13,33.0,18.0,25.5,0.15,2.0,3.0
2019-01-14,31.0,20.0,25.5,0.04,1.0,3.0
2019-01-15,36.0,16.0,26.0,0.0,0.0,1.0
2019-01-16,29.0,25.0,27.0,0.0025,0.0,1.0
2019-01-17,31.0,23.0,27.0,0.0025,0.0,1.0
2019-01-18,36.0,22.0,29.0,0.05,0.5,1.0
2019-01-19,34.0,27.0,30.5,0.0025,0.0,1.0
2019-01-20,37.0,27.0,32.0,1.02,0.0025,0.025
2019-01-21,28.0,4.0,16.0,0.04,0.0025,0.025
2019-01-22,12.0,1.0,6.5,0.0025,0.0025,0.025
2019-01-23,36.0,1.0,18.5,0.0,0.0,0.0
2019-01-24,43.0,34.0,38.5,1.24,0.0,0.0
2019-01-25,43.0,22.0,32.5,0.26,1.0,1.0
2019-01-26,23.0,10.0,16.5,0.0025,0.0025,0.025
2019-01-27,34.0,15.0,24.5,0.05,0.5,1.0
2019-01-28,34.0,5.0,19.5,0.01,0.1,0.025
2019-01-29,40.0,4.0,22.0,0.03,0.3,0.025
2019-01-30,35.0,8.0,21.5,0.0025,0.0025,0.025
2019-01-31,17.0,-6.0,5.5,0.0,0.0,0.0
2019-02-01,10.0,-6.0,2.0,0.03,0.3,1.0
2019-02-02,17.0,-5.0,6.0,0.08,0.8,2.0
2020-01-01,39.0,27.0,33.0,0.27,1.0,1.0
2020-01-02,37.0,21.0,29.0,0.0,0.0,0.0
2020-01-03,49.0,21.0,35.0,0.3,0.0,0.0
2020-01-04,50.0,43.0,46.5,0.55,0.0,0.0
2020-01-05,47.0,28.0,37.5,0.1,0.5,0.025
2020-01-06,37.0,29.0,33.0,0.15,1.0,0.025
2020-01-07,41.0,24.0,32.5,0.0,0.0,0.0
2020-01-08,34.0,23.0,28.5,0.0025,0.0025,0.025
2020-01-09,33.0,15.0,24.0,0.0025,0.0025,0.025
2020-01-10,39.0,14.0,26.5,0.0,0.0,0.0
2020-01-11,53.0,33.0,43.0,0.18,0.0,0.0
2020-01-12,69.0,51.0,60.0,0.13,0.0,0.0
2020-01-13,53.0,32.0,42.5,0.0,0.0,0.0
2020-01-14,50.0,30.0,40.0,0.0,0.0,0.0
2020-01-15,54.0,30.0,42.0,0.0,0.0,0.0
2020-01-16,55.0,32.0,43.5,0.0,0.0,0.0
2020-01-17,38.0,23.0,30.5,0.22,1.5,2.0
2020-01-18,28.0,20.0,24.0,0.12,0.5,1.0
2020-01-19,47.0,25.0,36.0,0.48,0.2,0.0
2020-01-20,28.0,14.0,21.0,0.1,1.0,0.0
2020-01-21,26.0,11.0,18.5,0.09,1.0,0.025
2020-01-22,29.0,11.0,20.0,0.0,0.0,0.0
2020-01-23,38.0,9.0,23.5,0.0,0.0,0.0
2020-01-24,47.0,19.0,33.0,0.0,0.0,0.0
2020-01-25,44.0,32.0,38.0,1.0,0.0,0.0
2020-01-26,41.0,32.0,36.5,0.1,0.5,0.0
2020-01-27,33.0,31.0,32.0,0.17,1.5,0.025
2020-01-28,33.0,31.0,32.0,0.0025,0.0,0.0
2020-01-29,34.0,29.0,31.5,0.1,0.3,0.025
2020-01-30,34.0,18.0,26.0,0.0025,0.0025,0.025
2020-01-31,36.0,17.0,26.5,0.0,0.0,0.0
2020-02-01,42.0,30.0,36.0,0.1,0.0,0.0
2020-02-02,35.0,32.0,33.5,0.1,0.5,0.025
2021-01-01,33.0,28.0,30.5,0.03,0.0,0.025
2021-01-02,49.0,28.0,38.5,0.5,0.0,0.0
2021-01-03,50.0,32.0,41.0,0.0025,0.0,0.0
2021-01-04,40.0,32.0,36.0,0.21,0.0,0.0
2021-01-05,35.0,32.0,33.5,0.02,0.0,0.0
2021-01-06,34.0,31.0,32.5,0.02,0.0,0.0
2021-01-07,35.0,31.0,33.0,0.02,0.0,0.0
2021-01-08,35.0,21.0,28.0,0.0,0.0,0.0
2021-01-09,32.0,16.0,24.0,0.0,0.0,0.0
2021-01-10,34.0,15.0,24.5,0.0,0.0,0.0
2021-01-11,37.0,20.0,28.5,0.0,0.0,0.0
2021-01-12,39.0,24.0,31.5,0.0,0.0,0.0
2021-01-13,35.0,25.0,30.0,0.0,0.0,0.0
2021-01-14,42.0,25.0,33.5,0.0,0.0,0.0
2021-01-15,47.0,27.0,37.0,0.0,0.0,0.0
2021-01-16,47.0,27.0,37.0,0.22,0.0,0.0
2021-01-17,32.0,27.0,29.5,0.2,0.5,1.0
2021-01-18,35.0,30.0,32.5,0.3,1.0,1.0
2021-01-19,31.0,28.0,29.5,0.1,1.5,1.0
2021-01-20,37.0,29.0,33.0,0.06,1.0,1.0
2021-01-21,39.0,25.0,32.0,0.0,0.0,1.0
2021-01-22,42.0,24.0,33.0,0.0,0.0,0.0
2021-01-23,34.0,19.0,26.5,0.0,0.0,0.0
2021-01-24,22.0,11.0,16.5,0.0,0.0,0.0
2021-01-25,29.0,12.0,20.5,0.0025,0.0025,0.025
2021-01-26,36.0,27.0,31.5,0.04,0.0,0.0
2021-01-27,44.0,30.0,37.0,0.23,0.0,0.0
2021-01-28,30.0,19.0,24.5,0.0,0.0,0.0
2021-01-29,24.0,17.0,20.5,0.0,0.0,0.0
2021-01-30,24.0,17.0,20.5,0.0,0.0,0.025
2021-01-31,31.0,17.0,24.0,0.0,0.0,0.0
2021-02-01,32.0,28.0,30.0,0.09,0.5,1.0
2021-02-02,32.0,21.0,26.5,0.42,4.0,3.0
